requested_time_utc,block,block_time_utc,steth_reserve,weth_reserve,price_steth_per_eth
2024-08-04T00:00:00+00:00,20451459,2024-08-03T23:59:59+00:00,1179.9374040810885,1175.8913497256651,0.9965709584750605
2024-08-04T00:10:00+00:00,20451509,2024-08-04T00:09:59+00:00,1179.5873572775145,1176.241349725665,0.9971634084315959
2024-08-04T00:20:00+00:00,20451559,2024-08-04T00:19:59+00:00,1179.5976795286838,1176.2310877229504,0.9971459830210259
2024-08-04T00:30:00+00:00,20451609,2024-08-04T00:29:59+00:00,1179.6093506493787,1176.2194849397208,0.9971262810795865
2024-08-04T00:40:00+00:00,20451659,2024-08-04T00:39:59+00:00,1179.6093506493787,1176.2194849397208,0.9971262810795865
2024-08-04T00:50:00+00:00,20451709,2024-08-04T00:49:59+00:00,1179.7132755645825,1176.116178628403,0.9969508718680326
2024-08-04T01:00:00+00:00,20451759,2024-08-04T00:59:59+00:00,1179.7132755645825,1176.116178628403,0.9969508718680326
2024-08-04T01:10:00+00:00,20451807,2024-08-04T01:09:59+00:00,1179.7132755645825,1176.116178628403,0.9969508718680326
2024-08-04T01:20:00+00:00,20451857,2024-08-04T01:19:59+00:00,1179.7417793042969,1176.0878477332506,0.9969027700509165
2024-08-04T01:30:00+00:00,20451907,2024-08-04T01:29:59+00:00,1179.9208475052224,1175.9231106943323,0.9966118601774494
2024-08-04T01:40:00+00:00,20451957,2024-08-04T01:39:59+00:00,1179.9271624152225,1175.9168360941787,0.9966012085755913
2024-08-04T01:50:00+00:00,20452007,2024-08-04T01:49:59+00:00,1179.9298294667224,1175.9141860873656,0.9965967100084488
2024-08-04T02:00:00+00:00,20452057,2024-08-04T01:59:59+00:00,1179.9318605767223,1175.912167965878,0.9965932841165256
2024-08-04T02:10:00+00:00,20452107,2024-08-04T02:09:59+00:00,1176.5609918749424,1179.405227426478,1.0024174144571996
2024-08-04T02:20:00+00:00,20452156,2024-08-04T02:19:59+00:00,1176.5675172749422,1179.3987059114936,1.0024063120857771
2024-08-04T02:30:00+00:00,20452206,2024-08-04T02:29:59+00:00,1176.5715446549423,1179.3946809653098,1.0023994599590589
2024-08-04T02:40:00+00:00,20452255,2024-08-04T02:39:59+00:00,1176.5748608149422,1179.391366829987,1.0023938179446517
2024-08-04T02:50:00+00:00,20452305,2024-08-04T02:49:59+00:00,1176.5799349149422,1179.3862958640743,1.0023851851165004
2024-08-04T03:00:00+00:00,20452355,2024-08-04T02:59:59+00:00,1176.5821241509423,1179.3841079937731,1.0023814604907864
2024-08-04T03:10:00+00:00,20452405,2024-08-04T03:09:59+00:00,1176.5821241509423,1179.3841079937731,1.0023814604907864
2024-08-04T03:20:00+00:00,20452455,2024-08-04T03:19:59+00:00,1176.5821241509423,1179.3841079937731,1.0023814604907864
2024-08-04T03:30:00+00:00,20452505,2024-08-04T03:29:59+00:00,1176.6221155351147,1179.3441429858792,1.0023134253681154
2024-08-04T03:40:00+00:00,20452555,2024-08-04T03:39:59+00:00,1176.6221155351147,1179.3441429858792,1.0023134253681154
2024-08-04T03:50:00+00:00,20452605,2024-08-04T03:49:59+00:00,1176.6221155351147,1179.3441429858792,1.0023134253681154
2024-08-04T04:00:00+00:00,20452655,2024-08-04T03:59:59+00:00,1176.6221155351147,1179.3441429858792,1.0023134253681154
2024-08-04T04:10:00+00:00,20452705,2024-08-04T04:09:59+00:00,1176.6221155351147,1179.3441429858792,1.0023134253681154
2024-08-04T04:20:00+00:00,20452755,2024-08-04T04:19:59+00:00,1176.6221155351147,1179.3441429858792,1.0023134253681154
2024-08-04T04:30:00+00:00,20452805,2024-08-04T04:29:59+00:00,1176.6221155351147,1179.3441429858792,1.0023134253681154
2024-08-04T04:40:00+00:00,20452855,2024-08-04T04:39:59+00:00,1176.680487911246,1179.2858139779332,1.0022141321229112
2024-08-04T04:50:00+00:00,20452905,2024-08-04T04:49:59+00:00,1176.681525780621,1179.2847769319924,1.0022123668081253
2024-08-04T05:00:00+00:00,20452955,2024-08-04T04:59:59+00:00,1176.681525780621,1179.2847769319924,1.0022123668081253
2024-08-04T05:10:00+00:00,20453005,2024-08-04T05:09:59+00:00,1176.681525780621,1179.2847769319924,1.0022123668081253
2024-08-04T05:20:00+00:00,20453055,2024-08-04T05:19:59+00:00,1176.681525780621,1179.2847769319924,1.0022123668081253
2024-08-04T05:30:00+00:00,20453105,2024-08-04T05:29:59+00:00,1176.7964945466856,1179.169910671649,1.0020168449990816
2024-08-04T05:40:00+00:00,20453155,2024-08-04T05:39:59+00:00,1179.7791942690374,1176.2475641217607,0.9970065329474938
2024-08-04T05:50:00+00:00,20453204,2024-08-04T05:49:59+00:00,1179.7802112773247,1176.2465532006147,0.9970048166235267
2024-08-04T06:00:00+00:00,20453254,2024-08-04T05:59:59+00:00,1179.7802112773247,1176.2465532006147,0.9970048166235267
2024-08-04T06:10:00+00:00,20453304,2024-08-04T06:09:59+00:00,1179.7802112773247,1176.2465532006147,0.9970048166235267
2024-08-04T06:20:00+00:00,20453353,2024-08-04T06:19:59+00:00,1179.7802112773247,1176.2465532006147,0.9970048166235267
2024-08-04T06:30:00+00:00,20453403,2024-08-04T06:29:59+00:00,1179.7802112773247,1176.2465532006147,0.9970048166235267
2024-08-04T06:40:00+00:00,20453453,2024-08-04T06:39:59+00:00,1179.7942258235387,1176.2326227132298,0.9969811658403204
2024-08-04T06:50:00+00:00,20453503,2024-08-04T06:49:59+00:00,1179.8065045977473,1176.2204178583659,0.9969604450175462
2024-08-04T07:00:00+00:00,20453553,2024-08-04T06:59:59+00:00,1179.676513763863,1176.3504178583657,0.997180501716623
2024-08-04T07:10:00+00:00,20453603,2024-08-04T07:09:59+00:00,1179.6775460924157,1176.349391529611,0.9971787590822349
2024-08-04T07:20:00+00:00,20453653,2024-08-04T07:19:59+00:00,1179.6882460924155,1176.3387538225245,0.9971606970901119
2024-08-04T07:30:00+00:00,20453703,2024-08-04T07:29:59+00:00,1179.7432460924156,1176.2840770583564,0.9970678628205614
2024-08-04T07:40:00+00:00,20453752,2024-08-04T07:39:59+00:00,1179.7432460924156,1176.2840770583564,0.9970678628205614
2024-08-04T07:50:00+00:00,20453802,2024-08-04T07:49:59+00:00,1179.9853989394182,1176.0539187930617,0.9966681959370937
2024-08-04T08:00:00+00:00,20453852,2024-08-04T07:59:59+00:00,1179.9853989394182,1176.0539187930617,0.9966681959370937
2024-08-04T08:10:00+00:00,20453902,2024-08-04T08:09:59+00:00,1180.0053812552878,1176.034063136804,0.9966344915187936
2024-08-04T08:20:00+00:00,20453952,2024-08-04T08:19:59+00:00,1180.2507210538026,1175.790333134372,0.996220813222255
2024-08-04T08:30:00+00:00,20454002,2024-08-04T08:29:59+00:00,1180.2507210538026,1175.790333134372,0.996220813222255
2024-08-04T08:40:00+00:00,20454052,2024-08-04T08:39:59+00:00,1180.244268045829,1175.7967811343722,0.9962317233543353
2024-08-04T08:50:00+00:00,20454102,2024-08-04T08:49:59+00:00,1179.6376445584465,1176.4033985830517,0.9972582716478116
2024-08-04T09:00:00+00:00,20454152,2024-08-04T08:59:59+00:00,1180.0762331451706,1176.0982319632192,0.996629030337007
2024-08-04T09:10:00+00:00,20454202,2024-08-04T09:09:59+00:00,1179.902341248338,1176.2722270731683,0.9969233774285684
2024-08-04T09:20:00+00:00,20454252,2024-08-04T09:19:59+00:00,1179.8918405347715,1176.2827270731684,0.996941148893811
2024-08-04T09:30:00+00:00,20454302,2024-08-04T09:29:59+00:00,1179.8918405347715,1176.2827270731684,0.996941148893811
2024-08-04T09:40:00+00:00,20454352,2024-08-04T09:39:59+00:00,1179.8928405347715,1176.281733123683,0.9969394615451248
2024-08-04T09:50:00+00:00,20454402,2024-08-04T09:49:59+00:00,1180.07299510992,1176.1087548232272,0.9966406821415963
2024-08-04T10:00:00+00:00,20454452,2024-08-04T09:59:59+00:00,1180.07299510992,1176.1087548232272,0.9966406821415963
2024-08-04T10:10:00+00:00,20454502,2024-08-04T10:09:59+00:00,1180.07299510992,1176.1087548232272,0.9966406821415963
2024-08-04T10:20:00+00:00,20454552,2024-08-04T10:19:59+00:00,1180.07299510992,1176.1087548232272,0.9966406821415963
2024-08-04T10:30:00+00:00,20454601,2024-08-04T10:29:59+00:00,1179.8980161895831,1176.283696621355,0.9969367525679037
2024-08-04T10:40:00+00:00,20454651,2024-08-04T10:39:59+00:00,1179.7934589636066,1176.3882782862063,0.9971137484688282
2024-08-04T10:50:00+00:00,20454701,2024-08-04T10:49:59+00:00,1179.7884595551805,1176.3932782862064,0.9971222118325737
2024-08-04T11:00:00+00:00,20454751,2024-08-04T10:59:59+00:00,1179.6816539673455,1176.5001066387438,0.9973030458531741
2024-08-04T11:10:00+00:00,20454801,2024-08-04T11:09:59+00:00,1179.5808364023337,1176.6009634674267,0.9974737865833804
2024-08-04T11:20:00+00:00,20454851,2024-08-04T11:19:59+00:00,1179.5808364023337,1176.6009634674267,0.9974737865833804
2024-08-04T11:30:00+00:00,20454901,2024-08-04T11:29:59+00:00,1179.7224001252391,1176.4601978258752,0.9972347712487127
2024-08-04T11:40:00+00:00,20454951,2024-08-04T11:39:59+00:00,1179.7515153880627,1176.431250889931,0.9971856238751773
2024-08-04T11:50:00+00:00,20455001,2024-08-04T11:49:59+00:00,1179.7515153880627,1176.431250889931,0.9971856238751773
2024-08-04T12:00:00+00:00,20455051,2024-08-04T11:59:59+00:00,1179.7515153880627,1176.431250889931,0.9971856238751773
2024-08-04T12:10:00+00:00,20455101,2024-08-04T12:09:59+00:00,1179.7515153880627,1176.431250889931,0.9971856238751773
2024-08-04T12:20:00+00:00,20455151,2024-08-04T12:19:59+00:00,1179.7515153880627,1176.431250889931,0.9971856238751773
2024-08-04T12:30:00+00:00,20455201,2024-08-04T12:29:59+00:00,1179.8470519489194,1176.3362766761534,0.9970243810272129
2024-08-04T12:40:00+00:00,20455250,2024-08-04T12:39:59+00:00,1179.8470519489194,1176.3362766761534,0.9970243810272129
2024-08-04T12:50:00+00:00,20455300,2024-08-04T12:49:59+00:00,1179.8470519489194,1176.3362766761534,0.9970243810272129
2024-08-04T13:00:00+00:00,20455350,2024-08-04T12:59:59+00:00,1179.8409017313795,1176.3424270761534,0.9970347911738844
2024-08-04T13:10:00+00:00,20455400,2024-08-04T13:09:59+00:00,1179.8409017313795,1176.3424270761534,0.9970347911738844
2024-08-04T13:20:00+00:00,20455448,2024-08-04T13:19:59+00:00,1179.8409017313795,1176.3424270761534,0.9970347911738844
2024-08-04T13:30:00+00:00,20455498,2024-08-04T13:29:59+00:00,1179.7797638859984,1176.40410287819,0.9971387363038934
2024-08-04T13:40:00+00:00,20455548,2024-08-04T13:39:59+00:00,1179.5774413942834,1176.606488231259,0.9974813411491553
2024-08-04T13:50:00+00:00,20455598,2024-08-04T13:49:59+00:00,1179.5559540553784,1176.6279863356383,0.997517737323377
2024-08-04T14:00:00+00:00,20455648,2024-08-04T13:59:59+00:00,1179.5609098482128,1176.6230576955024,0.9975093679960212
2024-08-04T14:10:00+00:00,20455698,2024-08-04T14:09:59+00:00,1179.5609098482128,1176.6230576955024,0.9975093679960212
2024-08-04T14:20:00+00:00,20455748,2024-08-04T14:19:59+00:00,1179.5609098482128,1176.6230576955024,0.9975093679960212
2024-08-04T14:30:00+00:00,20455798,2024-08-04T14:29:59+00:00,1179.5609098482128,1176.6230576955024,0.9975093679960212
2024-08-04T14:40:00+00:00,20455848,2024-08-04T14:39:59+00:00,1179.5609098482128,1176.6230576955024,0.9975093679960212
2024-08-04T14:50:00+00:00,20455897,2024-08-04T14:49:59+00:00,1179.5609098482128,1176.6230576955024,0.9975093679960212
2024-08-04T15:00:00+00:00,20455947,2024-08-04T14:59:59+00:00,1179.57149191745,1176.6125337435744,0.9974914973834561
2024-08-04T15:10:00+00:00,20455997,2024-08-04T15:09:59+00:00,1179.57149191745,1176.6125337435744,0.9974914973834561
2024-08-04T15:20:00+00:00,20456046,2024-08-04T15:19:59+00:00,1180.4050474021321,1175.87333750906,0.9961608857035595
2024-08-04T15:30:00+00:00,20456096,2024-08-04T15:29:59+00:00,1180.4050474021321,1175.87333750906,0.9961608857035595
2024-08-04T15:40:00+00:00,20456145,2024-08-04T15:39:59+00:00,1180.4050474021321,1175.87333750906,0.9961608857035595
2024-08-04T15:50:00+00:00,20456195,2024-08-04T15:49:59+00:00,1180.4050474021321,1175.87333750906,0.9961608857035595
2024-08-04T16:00:00+00:00,20456245,2024-08-04T15:59:59+00:00,1180.4050474021321,1175.87333750906,0.9961608857035595
2024-08-04T16:10:00+00:00,20456295,2024-08-04T16:09:59+00:00,1180.4050474021321,1175.87333750906,0.9961608857035595
2024-08-04T16:20:00+00:00,20456344,2024-08-04T16:19:59+00:00,1180.4050474021321,1175.87333750906,0.9961608857035595
2024-08-04T16:30:00+00:00,20456393,2024-08-04T16:29:59+00:00,1180.4050474021321,1175.87333750906,0.9961608857035595
2024-08-04T16:40:00+00:00,20456443,2024-08-04T16:39:59+00:00,1179.7584854114168,1176.5914935340813,0.9973155591449456
2024-08-04T16:50:00+00:00,20456493,2024-08-04T16:49:59+00:00,1179.7584854114168,1176.5914935340813,0.9973155591449456
2024-08-04T17:00:00+00:00,20456543,2024-08-04T16:59:59+00:00,1179.807481401364,1176.542777681486,0.9972328504681119
2024-08-04T17:10:00+00:00,20456593,2024-08-04T17:09:59+00:00,1179.2995570372025,1177.054045474229,0.9980958938298807
2024-08-04T17:20:00+00:00,20456643,2024-08-04T17:19:59+00:00,1178.706132442603,1177.651254608465,0.999105054427814
2024-08-04T17:30:00+00:00,20456693,2024-08-04T17:29:59+00:00,1179.4595428624361,1176.901254608465,0.9978309656575737
2024-08-04T17:40:00+00:00,20456742,2024-08-04T17:39:59+00:00,1179.4595428624361,1176.901254608465,0.9978309656575737
2024-08-04T17:50:00+00:00,20456792,2024-08-04T17:49:59+00:00,1179.4595428624361,1176.901254608465,0.9978309656575737
2024-08-04T18:00:00+00:00,20456842,2024-08-04T17:59:59+00:00,1179.4595428624361,1176.901254608465,0.9978309656575737
2024-08-04T18:10:00+00:00,20456892,2024-08-04T18:09:59+00:00,1179.4595428624361,1176.901254608465,0.9978309656575737
2024-08-04T18:20:00+00:00,20456942,2024-08-04T18:19:59+00:00,1179.4595428624361,1176.901254608465,0.9978309656575737
2024-08-04T18:30:00+00:00,20456992,2024-08-04T18:29:59+00:00,1179.4595428624361,1176.901254608465,0.9978309656575737
2024-08-04T18:40:00+00:00,20457041,2024-08-04T18:39:59+00:00,1179.4595428624361,1176.901254608465,0.9978309656575737
2024-08-04T18:50:00+00:00,20457091,2024-08-04T18:49:59+00:00,1179.4595428624361,1176.901254608465,0.9978309656575737
2024-08-04T19:00:00+00:00,20457141,2024-08-04T18:59:59+00:00,1177.091472937814,1179.3811708475514,1.0019452166313148
2024-08-04T19:10:00+00:00,20457191,2024-08-04T19:09:59+00:00,1177.0015222637921,1179.5306559412268,1.0021487938881932
2024-08-04T19:20:00+00:00,20457241,2024-08-04T19:19:59+00:00,1177.0015222637921,1179.5306559412268,1.0021487938881932
2024-08-04T19:30:00+00:00,20457290,2024-08-04T19:29:59+00:00,1179.0015222637921,1177.5357508855818,0.9987567688840674
2024-08-04T19:40:00+00:00,20457340,2024-08-04T19:39:59+00:00,1179.2953921115864,1177.2431995999982,0.9982598146950158
2024-08-04T19:50:00+00:00,20457390,2024-08-04T19:49:59+00:00,1179.2953921115864,1177.2431995999982,0.9982598146950158
2024-08-04T20:00:00+00:00,20457440,2024-08-04T19:59:59+00:00,1179.552285920538,1176.9875777283564,0.9978256935086349
2024-08-04T20:10:00+00:00,20457490,2024-08-04T20:09:59+00:00,1179.552285920538,1176.9875777283564,0.9978256935086349
2024-08-04T20:20:00+00:00,20457540,2024-08-04T20:19:59+00:00,1180.9208218973158,1175.6281083968952,0.9955181470236784
2024-08-04T20:30:00+00:00,20457589,2024-08-04T20:29:59+00:00,1180.9208218973158,1175.6281083968952,0.9955181470236784
2024-08-04T20:40:00+00:00,20457639,2024-08-04T20:39:59+00:00,1180.9208218973158,1175.6281083968952,0.9955181470236784
2024-08-04T20:50:00+00:00,20457689,2024-08-04T20:49:59+00:00,1177.2630351373684,1179.3296314324625,1.0017554244322748
2024-08-04T21:00:00+00:00,20457739,2024-08-04T20:59:59+00:00,1177.3077525213835,1179.2849716293824,1.001679441168857
2024-08-04T21:10:00+00:00,20457789,2024-08-04T21:09:59+00:00,1177.3077525213835,1179.2849716293824,1.001679441168857
2024-08-04T21:20:00+00:00,20457839,2024-08-04T21:19:59+00:00,1177.3077525213835,1179.2849716293824,1.001679441168857
2024-08-04T21:30:00+00:00,20457889,2024-08-04T21:29:59+00:00,1177.3077525213835,1179.2849716293824,1.001679441168857
2024-08-04T21:40:00+00:00,20457939,2024-08-04T21:39:59+00:00,1177.384147227141,1179.2086907560447,1.0015496586506627
2024-08-04T21:50:00+00:00,20457989,2024-08-04T21:49:59+00:00,1177.384147227141,1179.2086907560447,1.0015496586506627
2024-08-04T22:00:00+00:00,20458039,2024-08-04T21:59:59+00:00,1177.734761746866,1178.8586903553353,1.000954313861639
2024-08-04T22:10:00+00:00,20458089,2024-08-04T22:09:59+00:00,1177.734761746866,1178.8586903553353,1.000954313861639
2024-08-04T22:20:00+00:00,20458139,2024-08-04T22:19:59+00:00,1177.7375389756953,1178.8559188223117,1.0009496002374085
2024-08-04T22:30:00+00:00,20458188,2024-08-04T22:29:59+00:00,1177.8264477962132,1178.7671992311575,1.0007987182124365
2024-08-04T22:40:00+00:00,20458238,2024-08-04T22:39:59+00:00,1178.4281377962132,1178.1671407810368,0.9997785210597021
2024-08-04T22:50:00+00:00,20458288,2024-08-04T22:49:59+00:00,1178.4470860444949,1178.1482538643245,0.999746418669358
2024-08-04T23:00:00+00:00,20458338,2024-08-04T22:59:59+00:00,1178.4470860444949,1178.1482538643245,0.999746418669358
2024-08-04T23:10:00+00:00,20458387,2024-08-04T23:09:59+00:00,1177.450676364741,1179.1482538643245,1.001441739797394
2024-08-04T23:20:00+00:00,20458437,2024-08-04T23:19:59+00:00,1177.5265539962681,1179.0724996682784,1.0013128754224383
2024-08-04T23:30:00+00:00,20458487,2024-08-04T23:29:59+00:00,1177.5265539962681,1179.0724996682784,1.0013128754224383
2024-08-04T23:40:00+00:00,20458537,2024-08-04T23:39:59+00:00,1177.5265539962681,1179.0724996682784,1.0013128754224383
2024-08-04T23:50:00+00:00,20458587,2024-08-04T23:49:59+00:00,1177.5265539962681,1179.0724996682784,1.0013128754224383
2024-08-05T00:00:00+00:00,20458637,2024-08-04T23:59:59+00:00,1177.651890851556,1178.9473880514367,1.0011000680336395
2024-08-05T00:10:00+00:00,20458687,2024-08-05T00:09:59+00:00,1177.651890851556,1178.9473880514367,1.0011000680336395
2024-08-05T00:20:00+00:00,20458737,2024-08-05T00:19:59+00:00,1177.651890851556,1178.9473880514367,1.0011000680336395
2024-08-05T00:30:00+00:00,20458787,2024-08-05T00:29:59+00:00,1177.651890851556,1178.9473880514367,1.0011000680336395
2024-08-05T00:40:00+00:00,20458837,2024-08-05T00:39:59+00:00,1177.7047938683727,1178.8945880861322,1.0010102652413015
2024-08-05T00:50:00+00:00,20458887,2024-08-05T00:49:59+00:00,1177.7241367146123,1178.8752841017513,1.0009774338075046
2024-08-05T01:00:00+00:00,20458937,2024-08-05T00:59:59+00:00,1177.7241367146123,1178.8752841017513,1.0009774338075046
2024-08-05T01:10:00+00:00,20458987,2024-08-05T01:09:59+00:00,1195.3656630558294,1161.528608699978,0.9716931350785578
2024-08-05T01:20:00+00:00,20459037,2024-08-05T01:19:59+00:00,1177.0161404893045,1179.6914046791417,1.0022729205639653
2024-08-05T01:30:00+00:00,20459086,2024-08-05T01:29:59+00:00,1178.1013127790168,1178.6080246416027,1.000430108902426
2024-08-05T01:40:00+00:00,20459136,2024-08-05T01:39:59+00:00,1189.6855987262095,1167.1656989985383,0.9810707133449518
2024-08-05T01:50:00+00:00,20459185,2024-08-05T01:49:59+00:00,1185.414571665089,1171.38362949608,0.9881636834029293
2024-08-05T02:00:00+00:00,20459235,2024-08-05T01:59:59+00:00,1185.414571665089,1171.38362949608,0.9881636834029293
2024-08-05T02:10:00+00:00,20459285,2024-08-05T02:09:59+00:00,1185.414571665089,1171.38362949608,0.9881636834029293
2024-08-05T02:20:00+00:00,20459335,2024-08-05T02:19:59+00:00,1188.2463269237364,1168.6653834402023,0.9835211411642
2024-08-05T02:30:00+00:00,20459385,2024-08-05T02:29:59+00:00,1191.8690773936232,1165.123786222161,0.9775602105308842
2024-08-05T02:40:00+00:00,20459435,2024-08-05T02:39:59+00:00,1187.803449164859,1169.123786222161,0.9842737761404619
2024-08-05T02:50:00+00:00,20459485,2024-08-05T02:49:59+00:00,1186.7913826732956,1170.123786222161,0.9859557486728711
2024-08-05T03:00:00+00:00,20459535,2024-08-05T02:59:59+00:00,1186.4400018951333,1170.4713774989857,0.9865407231965877
2024-08-05T03:10:00+00:00,20459585,2024-08-05T03:09:59+00:00,1182.6042320795107,1174.279217994192,0.9929604394610699
2024-08-05T03:20:00+00:00,20459635,2024-08-05T03:19:59+00:00,1183.6057711464566,1173.4419181423934,0.9914128054696638
2024-08-05T03:30:00+00:00,20459685,2024-08-05T03:29:59+00:00,1182.1190043019449,1174.930340251212,0.9939188321780025
2024-08-05T03:40:00+00:00,20459734,2024-08-05T03:39:59+00:00,1180.9659741029795,1176.1336738948987,0.9959081799865138
2024-08-05T03:50:00+00:00,20459784,2024-08-05T03:49:59+00:00,1180.9659741029795,1176.1336738948987,0.9959081799865138
2024-08-05T04:00:00+00:00,20459834,2024-08-05T03:59:59+00:00,1181.6205999475596,1175.4840415230983,0.9948066592400863
2024-08-05T04:10:00+00:00,20459884,2024-08-05T04:09:59+00:00,1182.1264513422243,1174.9825409082814,0.9939567290573428
2024-08-05T04:20:00+00:00,20459934,2024-08-05T04:19:59+00:00,1184.1264513422243,1173.0039286953809,0.9906069806698129
2024-08-05T04:30:00+00:00,20459984,2024-08-05T04:29:59+00:00,1184.6421791187706,1172.494798888718,0.989745949921276
2024-08-05T04:40:00+00:00,20460034,2024-08-05T04:39:59+00:00,1185.5913214525592,1171.568242948526,0.9881720806737582
2024-08-05T04:50:00+00:00,20460084,2024-08-05T04:49:59+00:00,1181.895017726976,1175.2466167090588,0.9943747956305768
2024-08-05T05:00:00+00:00,20460134,2024-08-05T04:59:59+00:00,1181.895017726976,1175.2466167090588,0.9943747956305768
2024-08-05T05:10:00+00:00,20460184,2024-08-05T05:09:59+00:00,1181.895017726976,1175.2466167090588,0.9943747956305768
2024-08-05T05:20:00+00:00,20460234,2024-08-05T05:19:59+00:00,1183.3391009938164,1173.9687647537062,0.99208144458994
2024-08-05T05:30:00+00:00,20460284,2024-08-05T05:29:59+00:00,1183.3391009938164,1173.9687647537062,0.99208144458994
2024-08-05T05:40:00+00:00,20460334,2024-08-05T05:39:59+00:00,1183.3391009938164,1173.9687647537062,0.99208144458994
2024-08-05T05:50:00+00:00,20460383,2024-08-05T05:49:59+00:00,1183.3817373032748,1173.9515543307032,0.992031157254411
2024-08-05T06:00:00+00:00,20460433,2024-08-05T05:59:59+00:00,1182.5273054931474,1174.8258737834296,0.9934873117314563
2024-08-05T06:10:00+00:00,20460483,2024-08-05T06:09:59+00:00,1183.7947329631352,1173.5718182516162,0.9913642843418214
2024-08-05T06:20:00+00:00,20460533,2024-08-05T06:19:59+00:00,1183.292104061605,1174.0718182516162,0.9922079376864423
2024-08-05T06:30:00+00:00,20460583,2024-08-05T06:29:59+00:00,1188.8345469808262,1168.618609322182,0.9829951630275342
2024-08-05T06:40:00+00:00,20460633,2024-08-05T06:39:59+00:00,1183.7660553198061,1173.6814229686997,0.9914808907505107
2024-08-05T06:50:00+00:00,20460682,2024-08-05T06:49:59+00:00,1183.7660553198061,1173.6814229686997,0.9914808907505107
2024-08-05T07:00:00+00:00,20460731,2024-08-05T06:59:59+00:00,1182.886143196697,1174.5593542411423,0.992960616705635
2024-08-05T07:10:00+00:00,20460781,2024-08-05T07:09:59+00:00,1182.886143196697,1174.5593542411423,0.992960616705635
2024-08-05T07:20:00+00:00,20460831,2024-08-05T07:19:59+00:00,1182.010811951292,1175.431784644003,0.9944340379624548
2024-08-05T07:30:00+00:00,20460881,2024-08-05T07:29:59+00:00,1182.010811951292,1175.431784644003,0.9944340379624548
2024-08-05T07:40:00+00:00,20460931,2024-08-05T07:39:59+00:00,1182.010811951292,1175.431784644003,0.9944340379624548
2024-08-05T07:50:00+00:00,20460981,2024-08-05T07:49:59+00:00,1182.010811951292,1175.431784644003,0.9944340379624548
2024-08-05T08:00:00+00:00,20461031,2024-08-05T07:59:59+00:00,1182.010811951292,1175.431784644003,0.9944340379624548
2024-08-05T08:10:00+00:00,20461080,2024-08-05T08:09:59+00:00,1182.010811951292,1175.431784644003,0.9944340379624548
2024-08-05T08:20:00+00:00,20461130,2024-08-05T08:19:59+00:00,1183.0270126338853,1174.4251345723574,0.9927289250628548
2024-08-05T08:30:00+00:00,20461180,2024-08-05T08:29:59+00:00,1183.3231359342694,1174.1321194417142,0.9922328768757668
2024-08-05T08:40:00+00:00,20461230,2024-08-05T08:39:59+00:00,1183.3231359342694,1174.1321194417142,0.9922328768757668
2024-08-05T08:50:00+00:00,20461280,2024-08-05T08:49:59+00:00,1183.3231359342694,1174.1321194417142,0.9922328768757668
2024-08-05T09:00:00+00:00,20461330,2024-08-05T08:59:59+00:00,1183.3231359342694,1174.1321194417142,0.9922328768757668
2024-08-05T09:10:00+00:00,20461379,2024-08-05T09:09:59+00:00,1183.4234344105807,1174.0329069383793,0.99206494717009
2024-08-05T09:20:00+00:00,20461429,2024-08-05T09:19:59+00:00,1183.4234344105807,1174.0329069383793,0.99206494717009
2024-08-05T09:30:00+00:00,20461478,2024-08-05T09:29:59+00:00,1183.4234344105807,1174.0329069383793,0.99206494717009
2024-08-05T09:40:00+00:00,20461528,2024-08-05T09:39:59+00:00,1183.4234344105807,1174.0329069383793,0.99206494717009
2024-08-05T09:50:00+00:00,20461577,2024-08-05T09:49:59+00:00,1181.9899817099297,1175.4609939958066,0.9944762749133644
2024-08-05T10:00:00+00:00,20461627,2024-08-05T09:59:59+00:00,1181.9899817099297,1175.4609939958066,0.9944762749133644
2024-08-05T10:10:00+00:00,20461677,2024-08-05T10:09:59+00:00,1181.9899817099297,1175.4609939958066,0.9944762749133644
2024-08-05T10:20:00+00:00,20461726,2024-08-05T10:19:59+00:00,1181.9899817099297,1175.4609939958066,0.9944762749133644
2024-08-05T10:30:00+00:00,20461776,2024-08-05T10:29:59+00:00,1181.8037882237068,1175.6467454458793,0.9947901311205969
2024-08-05T10:40:00+00:00,20461825,2024-08-05T10:39:59+00:00,1179.7956603548782,1177.654132885094,0.9981848318808529
2024-08-05T10:50:00+00:00,20461875,2024-08-05T10:49:59+00:00,1183.158389521293,1174.3338822231099,0.9925415672353441
2024-08-05T11:00:00+00:00,20461925,2024-08-05T10:59:59+00:00,1180.2127370210292,1177.2869537788843,0.9975209696096571
2024-08-05T11:10:00+00:00,20461974,2024-08-05T11:09:59+00:00,1183.0672822608437,1174.4548568081693,0.9927202572653213
2024-08-05T11:20:00+00:00,20462024,2024-08-05T11:19:59+00:00,1183.0672822608437,1174.4548568081693,0.9927202572653213
2024-08-05T11:30:00+00:00,20462074,2024-08-05T11:29:59+00:00,1183.0672822608437,1174.4548568081693,0.9927202572653213
2024-08-05T11:40:00+00:00,20462123,2024-08-05T11:39:59+00:00,1183.0672822608437,1174.4548568081693,0.9927202572653213
2024-08-05T11:50:00+00:00,20462173,2024-08-05T11:49:59+00:00,1183.186351056232,1174.366010831207,0.9925452654037539
2024-08-05T12:00:00+00:00,20462223,2024-08-05T11:59:59+00:00,1183.4217949537478,1174.244149431977,0.9922448229693711
2024-08-05T12:10:00+00:00,20462273,2024-08-05T12:09:59+00:00,1183.0317750960444,1174.683937829168,0.9929436914184332
2024-08-05T12:20:00+00:00,20462323,2024-08-05T12:19:59+00:00,1183.2317750960444,1174.4859782231897,0.9926085513785794
2024-08-05T12:30:00+00:00,20462373,2024-08-05T12:29:59+00:00,1184.6718770363489,1173.0625372561808,0.990200375306274
2024-08-05T12:40:00+00:00,20462422,2024-08-05T12:39:59+00:00,1182.1600468285474,1175.5625372561808,0.9944191062876249
2024-08-05T12:50:00+00:00,20462472,2024-08-05T12:49:59+00:00,1182.1600468285474,1175.5625372561808,0.9944191062876249
2024-08-05T13:00:00+00:00,20462522,2024-08-05T12:59:59+00:00,1182.1600468285474,1175.5682241380093,0.9944239168729967
2024-08-05T13:10:00+00:00,20462572,2024-08-05T13:09:59+00:00,1179.159908500624,1178.5682241380093,0.9994982153325015
2024-08-05T13:20:00+00:00,20462622,2024-08-05T13:19:59+00:00,1181.548916314817,1176.1923776030749,0.9954665112567249
2024-08-05T13:30:00+00:00,20462672,2024-08-05T13:29:59+00:00,1179.6882786900214,1178.0718265896949,0.9986297633624693
2024-08-05T13:40:00+00:00,20462721,2024-08-05T13:39:59+00:00,1179.6882786900214,1178.0718265896949,0.9986297633624693
2024-08-05T13:50:00+00:00,20462771,2024-08-05T13:49:59+00:00,1180.367142752207,1177.396381813754,0.997483189059697
2024-08-05T14:00:00+00:00,20462821,2024-08-05T13:59:59+00:00,1180.1538743918018,1177.609792092076,0.9978442791614468
2024-08-05T14:10:00+00:00,20462871,2024-08-05T14:09:59+00:00,1179.521292252995,1178.243249457551,0.9989164733152016
2024-08-05T14:20:00+00:00,20462921,2024-08-05T14:19:59+00:00,1181.521292252995,1176.2549706736645,0.9955427620188814
2024-08-05T14:30:00+00:00,20462970,2024-08-05T14:29:59+00:00,1181.521292252995,1176.2549706736645,0.9955427620188814
2024-08-05T14:40:00+00:00,20463020,2024-08-05T14:39:59+00:00,1183.2886345264164,1174.6277476177754,0.9926806641626307
2024-08-05T14:50:00+00:00,20463070,2024-08-05T14:49:59+00:00,1182.1111129938863,1175.8013362768615,0.9946622811953403
2024-08-05T15:00:00+00:00,20463120,2024-08-05T14:59:59+00:00,1182.1111129938863,1175.8013362768615,0.9946622811953403
2024-08-05T15:10:00+00:00,20463170,2024-08-05T15:09:59+00:00,1178.786958869892,1179.127048144319,1.0002885078358459
2024-08-05T15:20:00+00:00,20463220,2024-08-05T15:19:59+00:00,1178.786958869892,1179.127048144319,1.0002885078358459
2024-08-05T15:30:00+00:00,20463270,2024-08-05T15:29:59+00:00,1178.786958869892,1179.127048144319,1.0002885078358459
2024-08-05T15:40:00+00:00,20463320,2024-08-05T15:39:59+00:00,1182.2733751255637,1175.7062385288145,0.9944453315663548
2024-08-05T15:50:00+00:00,20463369,2024-08-05T15:49:59+00:00,1181.5932926277444,1176.3969168064996,0.9956022297573401
2024-08-05T16:00:00+00:00,20463418,2024-08-05T15:59:59+00:00,1181.5932926277444,1176.3969168064996,0.9956022297573401
2024-08-05T16:10:00+00:00,20463468,2024-08-05T16:09:59+00:00,1181.5932926277444,1176.3969168064996,0.9956022297573401
2024-08-05T16:20:00+00:00,20463518,2024-08-05T16:19:59+00:00,1181.5932926277444,1176.3969168064996,0.9956022297573401
2024-08-05T16:30:00+00:00,20463568,2024-08-05T16:29:59+00:00,1181.5932926277444,1176.3969168064996,0.9956022297573401
2024-08-05T16:40:00+00:00,20463618,2024-08-05T16:39:59+00:00,1181.5932926277444,1176.3969168064996,0.9956022297573401
2024-08-05T16:50:00+00:00,20463668,2024-08-05T16:49:59+00:00,1181.5932926277444,1176.3969168064996,0.9956022297573401
2024-08-05T17:00:00+00:00,20463718,2024-08-05T16:59:59+00:00,1181.4413249410882,1176.548690958136,0.995858758382947
2024-08-05T17:10:00+00:00,20463767,2024-08-05T17:09:59+00:00,1181.4413249410882,1176.548690958136,0.995858758382947
2024-08-05T17:20:00+00:00,20463817,2024-08-05T17:19:59+00:00,1181.6362720968382,1176.4133348328571,0.9955799111898344
2024-08-05T17:30:00+00:00,20463867,2024-08-05T17:29:59+00:00,1181.6362720968382,1176.4133348328571,0.9955799111898344
2024-08-05T17:40:00+00:00,20463915,2024-08-05T17:39:59+00:00,1181.5286491423517,1176.5208142824931,0.9957615629011674
2024-08-05T17:50:00+00:00,20463965,2024-08-05T17:49:59+00:00,1181.4070691293248,1176.6433255685042,0.9959677373825676
2024-08-05T18:00:00+00:00,20464015,2024-08-05T17:59:59+00:00,1181.4070691293248,1176.6433255685042,0.9959677373825676
2024-08-05T18:10:00+00:00,20464065,2024-08-05T18:09:59+00:00,1179.4143692647128,1178.6373255685041,0.9993411614132757
2024-08-05T18:20:00+00:00,20464115,2024-08-05T18:19:59+00:00,1179.4143692647128,1178.6373255685041,0.9993411614132757
2024-08-05T18:30:00+00:00,20464165,2024-08-05T18:29:59+00:00,1179.4143692647128,1178.6373255685041,0.9993411614132757
2024-08-05T18:40:00+00:00,20464214,2024-08-05T18:39:59+00:00,1179.8208025226827,1178.2325177550736,0.9986537915213792
2024-08-05T18:50:00+00:00,20464263,2024-08-05T18:49:59+00:00,1179.8208025226827,1178.2325177550736,0.9986537915213792
2024-08-05T19:00:00+00:00,20464313,2024-08-05T18:59:59+00:00,1179.8290540313465,1178.2243021331485,0.9986398437191264
2024-08-05T19:10:00+00:00,20464363,2024-08-05T19:09:59+00:00,1179.8290540313465,1178.2243021331485,0.9986398437191264
2024-08-05T19:20:00+00:00,20464413,2024-08-05T19:19:59+00:00,1180.3372115113216,1177.7185753909214,0.9977814508473835
2024-08-05T19:30:00+00:00,20464463,2024-08-05T19:29:59+00:00,1180.3372115113216,1177.7185753909214,0.9977814508473835
2024-08-05T19:40:00+00:00,20464512,2024-08-05T19:39:59+00:00,1181.3372115113216,1176.7246268467895,0.9960954546935578
2024-08-05T19:50:00+00:00,20464561,2024-08-05T19:49:59+00:00,1181.8372115113216,1176.2282827096396,0.9952540597410118
2024-08-05T20:00:00+00:00,20464609,2024-08-05T19:59:59+00:00,1181.8372115113216,1176.2282827096396,0.9952540597410118
2024-08-05T20:10:00+00:00,20464658,2024-08-05T20:09:59+00:00,1181.8372115113216,1176.2282827096396,0.9952540597410118
2024-08-05T20:20:00+00:00,20464708,2024-08-05T20:19:59+00:00,1181.8372115113216,1176.2282827096396,0.9952540597410118
2024-08-05T20:30:00+00:00,20464758,2024-08-05T20:29:59+00:00,1181.9642216829016,1176.1022700403516,0.9950404999279897
2024-08-05T20:40:00+00:00,20464808,2024-08-05T20:39:59+00:00,1181.1631895074268,1176.9022700403516,0.9963926073002224
2024-08-05T20:50:00+00:00,20464858,2024-08-05T20:49:59+00:00,1181.1794295074267,1176.8861373898017,0.9963652498423415
2024-08-05T21:00:00+00:00,20464908,2024-08-05T20:59:59+00:00,1181.1794295074267,1176.8861373898017,0.9963652498423415
2024-08-05T21:10:00+00:00,20464958,2024-08-05T21:09:59+00:00,1181.1794295074267,1176.8861373898017,0.9963652498423415
2024-08-05T21:20:00+00:00,20465008,2024-08-05T21:19:59+00:00,1180.7449201033658,1177.3213720504364,0.9971005184992626
2024-08-05T21:30:00+00:00,20465058,2024-08-05T21:29:59+00:00,1180.7449201033658,1177.3213720504364,0.9971005184992626
2024-08-05T21:40:00+00:00,20465108,2024-08-05T21:39:59+00:00,1180.7449201033658,1177.3213720504364,0.9971005184992626
2024-08-05T21:50:00+00:00,20465158,2024-08-05T21:49:59+00:00,1180.8223089653914,1177.244444096325,0.9969700226343104
2024-08-05T22:00:00+00:00,20465208,2024-08-05T21:59:59+00:00,1180.8223089653914,1177.244444096325,0.9969700226343104
2024-08-05T22:10:00+00:00,20465258,2024-08-05T22:09:59+00:00,1180.8223089653914,1177.244444096325,0.9969700226343104
2024-08-05T22:20:00+00:00,20465308,2024-08-05T22:19:59+00:00,1180.8370825239797,1177.2297596708393,0.9969451138463318
2024-08-05T22:30:00+00:00,20465357,2024-08-05T22:29:59+00:00,1180.8370825239797,1177.2297596708393,0.9969451138463318
2024-08-05T22:40:00+00:00,20465407,2024-08-05T22:39:59+00:00,1180.8370825239797,1177.2297596708393,0.9969451138463318
2024-08-05T22:50:00+00:00,20465457,2024-08-05T22:49:59+00:00,1180.8370825239797,1177.2297596708393,0.9969451138463318
2024-08-05T23:00:00+00:00,20465507,2024-08-05T22:59:59+00:00,1180.8370825239797,1177.2297596708393,0.9969451138463318
2024-08-05T23:10:00+00:00,20465557,2024-08-05T23:09:59+00:00,1180.8370825239797,1177.2297596708393,0.9969451138463318
2024-08-05T23:20:00+00:00,20465607,2024-08-05T23:19:59+00:00,1181.0884172949159,1176.9799974518235,0.9965214967965718
2024-08-05T23:30:00+00:00,20465657,2024-08-05T23:29:59+00:00,1181.3642455786648,1176.7070353884344,0.9960577694748589
2024-08-05T23:40:00+00:00,20465707,2024-08-05T23:39:59+00:00,1181.3642455786648,1176.7070353884344,0.9960577694748589
2024-08-05T23:50:00+00:00,20465756,2024-08-05T23:49:59+00:00,1181.4187377004423,1176.6529234075713,0.9959660244578925
2024-08-06T00:00:00+00:00,20465806,2024-08-05T23:59:59+00:00,1181.4187377004423,1176.6529234075713,0.9959660244578925
2024-08-06T00:10:00+00:00,20465856,2024-08-06T00:09:59+00:00,1181.4187377004423,1176.6529234075713,0.9959660244578925
2024-08-06T00:20:00+00:00,20465906,2024-08-06T00:19:59+00:00,1181.2741930343045,1176.802616807912,0.9962146161722991
2024-08-06T00:30:00+00:00,20465956,2024-08-06T00:29:59+00:00,1181.2741930343045,1176.802616807912,0.9962146161722991
2024-08-06T00:40:00+00:00,20466006,2024-08-06T00:39:59+00:00,1181.2741930343045,1176.802616807912,0.9962146161722991
2024-08-06T00:50:00+00:00,20466055,2024-08-06T00:49:59+00:00,1181.2741930343045,1176.802616807912,0.9962146161722991
2024-08-06T01:00:00+00:00,20466105,2024-08-06T00:59:59+00:00,1181.2741930343045,1176.802616807912,0.9962146161722991
2024-08-06T01:10:00+00:00,20466155,2024-08-06T01:09:59+00:00,1181.2741930343045,1176.802616807912,0.9962146161722991
2024-08-06T01:20:00+00:00,20466204,2024-08-06T01:19:59+00:00,1181.2741930343045,1176.802616807912,0.9962146161722991
2024-08-06T01:30:00+00:00,20466254,2024-08-06T01:29:59+00:00,1181.2741930343045,1176.802616807912,0.9962146161722991
2024-08-06T01:40:00+00:00,20466304,2024-08-06T01:39:59+00:00,1181.2741930343045,1176.802616807912,0.9962146161722991
2024-08-06T01:50:00+00:00,20466354,2024-08-06T01:49:59+00:00,1180.9431133547666,1177.1339480832953,0.9967744718366235
2024-08-06T02:00:00+00:00,20466403,2024-08-06T01:59:59+00:00,1181.579457205692,1176.5100480390302,0.9957096332914839
2024-08-06T02:10:00+00:00,20466453,2024-08-06T02:09:59+00:00,1181.5888331752033,1176.5007403767318,0.9956938550402523
2024-08-06T02:20:00+00:00,20466503,2024-08-06T02:19:59+00:00,1181.4563781782858,1176.6446453688009,0.9959272869499386
2024-08-06T02:30:00+00:00,20466552,2024-08-06T02:29:59+00:00,1181.3320752342909,1176.7688276355957,0.9961372016435005
2024-08-06T02:40:00+00:00,20466602,2024-08-06T02:39:59+00:00,1181.2710255546308,1176.8298276355958,0.9962403226499611
2024-08-06T02:50:00+00:00,20466652,2024-08-06T02:49:59+00:00,1181.2710255546308,1176.8298276355958,0.9962403226499611
2024-08-06T03:00:00+00:00,20466702,2024-08-06T02:59:59+00:00,1181.2412661282103,1176.8595651355956,0.9962905960718959
2024-08-06T03:10:00+00:00,20466752,2024-08-06T03:09:59+00:00,1181.1418170149855,1176.9589518543457,0.9964586257971877
2024-08-06T03:20:00+00:00,20466802,2024-08-06T03:19:59+00:00,1181.1418170149855,1176.9589518543457,0.9964586257971877
2024-08-06T03:30:00+00:00,20466852,2024-08-06T03:29:59+00:00,1181.560266344358,1176.5978501688148,0.995800115900227
2024-08-06T03:40:00+00:00,20466901,2024-08-06T03:39:59+00:00,1181.584921015536,1176.5733732069805,0.9957586224067176
2024-08-06T03:50:00+00:00,20466950,2024-08-06T03:49:59+00:00,1181.5269516777937,1176.6312732069723,0.9958564817638147
2024-08-06T04:00:00+00:00,20467000,2024-08-06T03:59:59+00:00,1181.5550738038608,1176.6033522848186,0.9958091487829672
2024-08-06T04:10:00+00:00,20467050,2024-08-06T04:09:59+00:00,1181.565260234367,1176.5932390622756,0.9957920046065799
2024-08-06T04:20:00+00:00,20467099,2024-08-06T04:19:59+00:00,1181.4858526660514,1176.672799489687,0.9959262710040042
2024-08-06T04:30:00+00:00,20467147,2024-08-06T04:29:59+00:00,1181.9858526660514,1176.1765396286976,0.9950851247294961
2024-08-06T04:40:00+00:00,20467197,2024-08-06T04:39:59+00:00,1182.0172573026935,1176.1453870429557,0.9950323311919006
2024-08-06T04:50:00+00:00,20467247,2024-08-06T04:49:59+00:00,1181.7868474018742,1176.3753870429557,0.995420950596281
2024-08-06T05:00:00+00:00,20467297,2024-08-06T04:59:59+00:00,1181.7868474018742,1176.3753870429557,0.995420950596281
2024-08-06T05:10:00+00:00,20467347,2024-08-06T05:09:59+00:00,1181.7868474018742,1176.3753870429557,0.995420950596281
2024-08-06T05:20:00+00:00,20467397,2024-08-06T05:19:59+00:00,1181.7868474018742,1176.3753870429557,0.995420950596281
2024-08-06T05:30:00+00:00,20467447,2024-08-06T05:29:59+00:00,1181.7868474018742,1176.3753870429557,0.995420950596281
2024-08-06T05:40:00+00:00,20467496,2024-08-06T05:39:59+00:00,1180.7868474018742,1175.3799660923594,0.995420950596281
2024-08-06T05:50:00+00:00,20467546,2024-08-06T05:49:59+00:00,1180.7868474018742,1175.3799660923594,0.995420950596281
2024-08-06T06:00:00+00:00,20467596,2024-08-06T05:59:59+00:00,1180.3888479209943,1175.777520078043,0.9960933824043888
2024-08-06T06:10:00+00:00,20467646,2024-08-06T06:09:59+00:00,1180.3888479209943,1175.777520078043,0.9960933824043888
2024-08-06T06:20:00+00:00,20467696,2024-08-06T06:19:59+00:00,1180.3888479209943,1175.777520078043,0.9960933824043888
2024-08-06T06:30:00+00:00,20467745,2024-08-06T06:29:59+00:00,1180.3888479209943,1175.777520078043,0.9960933824043888
2024-08-06T06:40:00+00:00,20467795,2024-08-06T06:39:59+00:00,1180.3888479209943,1175.777520078043,0.9960933824043888
2024-08-06T06:50:00+00:00,20467845,2024-08-06T06:49:59+00:00,1180.8888479209943,1175.2811771416987,0.9952513136277236
2024-08-06T07:00:00+00:00,20467895,2024-08-06T06:59:59+00:00,1178.1197858514774,1178.0518794297004,0.9999423603417984
2024-08-06T07:10:00+00:00,20467945,2024-08-06T07:09:59+00:00,1178.1177917399125,1178.0538794297004,0.999945750492302
2024-08-06T07:20:00+00:00,20467995,2024-08-06T07:19:59+00:00,1178.1193739066248,1178.0523020971746,0.9999430687492832
2024-08-06T07:30:00+00:00,20468045,2024-08-06T07:29:59+00:00,1178.1193739066248,1178.0523020971746,0.9999430687492832
2024-08-06T07:40:00+00:00,20468095,2024-08-06T07:39:59+00:00,1178.1275355777386,1178.0441654305337,0.9999292350406155
2024-08-06T07:50:00+00:00,20468145,2024-08-06T07:49:59+00:00,1178.1275355777386,1178.0441654305337,0.9999292350406155
2024-08-06T08:00:00+00:00,20468195,2024-08-06T07:59:59+00:00,1178.1275355777386,1178.0441654305337,0.9999292350406155
2024-08-06T08:10:00+00:00,20468245,2024-08-06T08:09:59+00:00,1178.1275355777386,1178.0441654305337,0.9999292350406155
2024-08-06T08:20:00+00:00,20468295,2024-08-06T08:19:59+00:00,1178.1275355777386,1178.0441654305337,0.9999292350406155
2024-08-06T08:30:00+00:00,20468345,2024-08-06T08:29:59+00:00,1178.1275355777386,1178.0441654305337,0.9999292350406155
2024-08-06T08:40:00+00:00,20468394,2024-08-06T08:39:59+00:00,1176.623880616802,1179.5541654305337,1.0024904175939346
2024-08-06T08:50:00+00:00,20468444,2024-08-06T08:49:59+00:00,1176.6858741221486,1179.4922072348447,1.0023849467172279
2024-08-06T09:00:00+00:00,20468493,2024-08-06T08:59:59+00:00,1177.6858741221486,1178.4936754938701,1.0006859226127032
2024-08-06T09:10:00+00:00,20468543,2024-08-06T09:09:59+00:00,1177.6858741221486,1178.4936754938701,1.0006859226127032
2024-08-06T09:20:00+00:00,20468593,2024-08-06T09:19:59+00:00,1177.7336313903104,1178.4460307642787,1.0006048900659543
2024-08-06T09:30:00+00:00,20468642,2024-08-06T09:29:59+00:00,1177.7336313903104,1178.4460307642787,1.0006048900659543
2024-08-06T09:40:00+00:00,20468691,2024-08-06T09:39:59+00:00,1177.7336313903104,1178.4460307642787,1.0006048900659543
2024-08-06T09:50:00+00:00,20468741,2024-08-06T09:49:59+00:00,1177.7336313903104,1178.4460307642787,1.0006048900659543
2024-08-06T10:00:00+00:00,20468789,2024-08-06T09:59:59+00:00,1177.7386737966497,1178.4410004656795,1.000596334895555
2024-08-06T10:10:00+00:00,20468839,2024-08-06T10:09:59+00:00,1177.7164103930543,1178.4633445992356,1.000634222466113
2024-08-06T10:20:00+00:00,20468889,2024-08-06T10:19:59+00:00,1177.7164103930543,1178.4633445992356,1.000634222466113
2024-08-06T10:30:00+00:00,20468939,2024-08-06T10:29:59+00:00,1177.8577315200628,1178.3223749404938,1.0003944817850212
2024-08-06T10:40:00+00:00,20468989,2024-08-06T10:39:59+00:00,1177.8577315200628,1178.3223749404938,1.0003944817850212
2024-08-06T10:50:00+00:00,20469039,2024-08-06T10:49:59+00:00,1177.8577315200628,1178.3223749404938,1.0003944817850212
2024-08-06T11:00:00+00:00,20469089,2024-08-06T10:59:59+00:00,1177.8577315200628,1178.3223749404938,1.0003944817850212
2024-08-06T11:10:00+00:00,20469139,2024-08-06T11:09:59+00:00,1177.8577315200628,1178.3223749404938,1.0003944817850212
2024-08-06T11:20:00+00:00,20469189,2024-08-06T11:19:59+00:00,1177.8577315200628,1178.3223749404938,1.0003944817850212
2024-08-06T11:30:00+00:00,20469239,2024-08-06T11:29:59+00:00,1178.1731615144424,1178.0078511547042,0.999859689250156
2024-08-06T11:40:00+00:00,20469289,2024-08-06T11:39:59+00:00,1178.4734458731084,1177.708585701655,0.9993509737753261
2024-08-06T11:50:00+00:00,20469339,2024-08-06T11:49:59+00:00,1178.8262226630698,1177.357206488486,0.9987538314415292
2024-08-06T12:00:00+00:00,20469389,2024-08-06T11:59:59+00:00,1178.8262226630698,1177.357206488486,0.9987538314415292
2024-08-06T12:10:00+00:00,20469439,2024-08-06T12:09:59+00:00,1177.9686060794054,1178.2239007968217,1.0002167245511457
2024-08-06T12:20:00+00:00,20469489,2024-08-06T12:19:59+00:00,1177.9686060794054,1178.2239007968217,1.0002167245511457
2024-08-06T12:30:00+00:00,20469539,2024-08-06T12:29:59+00:00,1177.7700907647686,1178.4237831707533,1.0005550254766278
2024-08-06T12:40:00+00:00,20469589,2024-08-06T12:39:59+00:00,1178.2117819063455,1177.9833375557946,0.9998061092631569
2024-08-06T12:50:00+00:00,20469639,2024-08-06T12:49:59+00:00,1178.9144791575218,1177.2833006527574,0.998616372490454
2024-08-06T13:00:00+00:00,20469689,2024-08-06T12:59:59+00:00,1178.9144791575218,1177.2833006527574,0.998616372490454
2024-08-06T13:10:00+00:00,20469738,2024-08-06T13:09:59+00:00,1179.3923840041111,1176.807681231434,0.9978084454268714
2024-08-06T13:20:00+00:00,20469788,2024-08-06T13:19:59+00:00,1179.4393235069058,1176.7609869623375,0.997729144271191
2024-08-06T13:30:00+00:00,20469838,2024-08-06T13:29:59+00:00,1179.4393235069058,1176.7609869623375,0.997729144271191
2024-08-06T13:40:00+00:00,20469888,2024-08-06T13:39:59+00:00,1179.4393235069058,1176.7609869623375,0.997729144271191
2024-08-06T13:50:00+00:00,20469936,2024-08-06T13:49:59+00:00,1179.4393235069058,1176.7609869623375,0.997729144271191
2024-08-06T14:00:00+00:00,20469986,2024-08-06T13:59:59+00:00,1177.9985703097354,1178.2159407926385,1.000184525251882
2024-08-06T14:10:00+00:00,20470036,2024-08-06T14:09:59+00:00,1177.9985703097354,1178.2159407926385,1.000184525251882
2024-08-06T14:20:00+00:00,20470085,2024-08-06T14:19:59+00:00,1177.9985703097354,1178.2159407926385,1.000184525251882
2024-08-06T14:30:00+00:00,20470135,2024-08-06T14:29:59+00:00,1177.9985703097354,1178.2159407926385,1.000184525251882
2024-08-06T14:40:00+00:00,20470185,2024-08-06T14:39:59+00:00,1177.9985703097354,1178.2159407926385,1.000184525251882
2024-08-06T14:50:00+00:00,20470235,2024-08-06T14:49:59+00:00,1177.9985703097354,1178.2159407926385,1.000184525251882
2024-08-06T15:00:00+00:00,20470285,2024-08-06T14:59:59+00:00,1177.9985703097354,1178.2159407926385,1.000184525251882
2024-08-06T15:10:00+00:00,20470334,2024-08-06T15:09:59+00:00,1177.9985703097354,1178.2159407926385,1.000184525251882
2024-08-06T15:20:00+00:00,20470384,2024-08-06T15:19:59+00:00,1177.9985703097354,1178.2159407926385,1.000184525251882
2024-08-06T15:30:00+00:00,20470433,2024-08-06T15:29:59+00:00,1177.9985703097354,1178.2159407926385,1.000184525251882
2024-08-06T15:40:00+00:00,20470483,2024-08-06T15:39:59+00:00,1176.8662555712685,1179.364003296719,1.002122371776424
2024-08-06T15:50:00+00:00,20470533,2024-08-06T15:49:59+00:00,1176.88854879913,1179.3417301966178,1.0020844636478035
2024-08-06T16:00:00+00:00,20470582,2024-08-06T15:59:59+00:00,1176.88854879913,1179.3417301966178,1.0020844636478035
2024-08-06T16:10:00+00:00,20470632,2024-08-06T16:09:59+00:00,1176.88854879913,1179.3417301966178,1.0020844636478035
2024-08-06T16:20:00+00:00,20470681,2024-08-06T16:19:59+00:00,1177.0265984247471,1179.2158049880902,1.0018599465519922
2024-08-06T16:30:00+00:00,20470731,2024-08-06T16:29:59+00:00,1177.0265984247471,1179.2158049880902,1.0018599465519922
2024-08-06T16:40:00+00:00,20470781,2024-08-06T16:39:59+00:00,1177.6288384625077,1178.615103336972,1.0008375006133103
2024-08-06T16:50:00+00:00,20470831,2024-08-06T16:49:59+00:00,1177.6288384625077,1178.615103336972,1.0008375006133103
2024-08-06T17:00:00+00:00,20470881,2024-08-06T16:59:59+00:00,1177.6288384625077,1178.615103336972,1.0008375006133103
2024-08-06T17:10:00+00:00,20470931,2024-08-06T17:09:59+00:00,1177.2286358818617,1179.036554692595,1.001535741448711
2024-08-06T17:20:00+00:00,20470981,2024-08-06T17:19:59+00:00,1177.2286358818617,1179.036554692595,1.001535741448711
2024-08-06T17:30:00+00:00,20471031,2024-08-06T17:29:59+00:00,1180.5897084870462,1175.723463429945,0.9958781234309272
2024-08-06T17:40:00+00:00,20471081,2024-08-06T17:39:59+00:00,1180.7497084870463,1175.5646224141208,0.9956086492881125
2024-08-06T17:50:00+00:00,20471129,2024-08-06T17:49:59+00:00,1180.7497084870463,1175.5646224141208,0.9956086492881125
2024-08-06T18:00:00+00:00,20471178,2024-08-06T17:59:59+00:00,1180.7497084870463,1175.5646224141208,0.9956086492881125
2024-08-06T18:10:00+00:00,20471228,2024-08-06T18:09:59+00:00,1180.7497084870463,1175.5646224141208,0.9956086492881125
2024-08-06T18:20:00+00:00,20471278,2024-08-06T18:19:59+00:00,1180.7497084870463,1175.5646224141208,0.9956086492881125
2024-08-06T18:30:00+00:00,20471328,2024-08-06T18:29:59+00:00,1180.7497084870463,1175.5646224141208,0.9956086492881125
2024-08-06T18:40:00+00:00,20471378,2024-08-06T18:39:59+00:00,1180.7497084870463,1175.5646224141208,0.9956086492881125
2024-08-06T18:50:00+00:00,20471427,2024-08-06T18:49:59+00:00,1180.7497084870463,1175.5646224141208,0.9956086492881125
2024-08-06T19:00:00+00:00,20471477,2024-08-06T18:59:59+00:00,1180.7600418957854,1175.554365336593,0.9955912493864254
2024-08-06T19:10:00+00:00,20471525,2024-08-06T19:09:59+00:00,1180.8600788155102,1175.4550766290947,0.9954228258848101
2024-08-06T19:20:00+00:00,20471575,2024-08-06T19:19:59+00:00,1180.8600788155102,1175.4550766290947,0.9954228258848101
2024-08-06T19:30:00+00:00,20471625,2024-08-06T19:29:59+00:00,1180.8824075960936,1175.4329171487161,0.9953852386890317
2024-08-06T19:40:00+00:00,20471675,2024-08-06T19:39:59+00:00,1180.5827481990343,1175.7321671487161,0.9958913671593815
2024-08-06T19:50:00+00:00,20471725,2024-08-06T19:49:59+00:00,1180.5827481990343,1175.7321671487161,0.9958913671593815
2024-08-06T20:00:00+00:00,20471775,2024-08-06T19:59:59+00:00,1180.5827481990343,1175.7321671487161,0.9958913671593815
2024-08-06T20:10:00+00:00,20471825,2024-08-06T20:09:59+00:00,1180.4540014827949,1175.8607910641786,0.9961089458692616
2024-08-06T20:20:00+00:00,20471875,2024-08-06T20:19:59+00:00,1180.4540014827949,1175.8607910641786,0.9961089458692616
2024-08-06T20:30:00+00:00,20471924,2024-08-06T20:29:59+00:00,1180.4540014827949,1175.8607910641786,0.9961089458692616
2024-08-06T20:40:00+00:00,20471974,2024-08-06T20:39:59+00:00,1180.4540014827949,1175.8607910641786,0.9961089458692616
2024-08-06T20:50:00+00:00,20472024,2024-08-06T20:49:59+00:00,1179.8525532235649,1176.4620083167472,0.9971262977754686
2024-08-06T21:00:00+00:00,20472073,2024-08-06T20:59:59+00:00,1179.8525532235649,1176.4620083167472,0.9971262977754686
2024-08-06T21:10:00+00:00,20472123,2024-08-06T21:09:59+00:00,1179.3508302522632,1176.9640083167471,0.9979761561409123
2024-08-06T21:20:00+00:00,20472173,2024-08-06T21:19:59+00:00,1179.3518887032324,1176.9629551777862,0.9979743674908826
2024-08-06T21:30:00+00:00,20472223,2024-08-06T21:29:59+00:00,1179.3518887032324,1176.9629551777862,0.9979743674908826
2024-08-06T21:40:00+00:00,20472273,2024-08-06T21:39:59+00:00,1179.3518887032324,1176.9629551777862,0.9979743674908826
2024-08-06T21:50:00+00:00,20472323,2024-08-06T21:49:59+00:00,1179.3518887032324,1176.9629551777862,0.9979743674908826
2024-08-06T22:00:00+00:00,20472373,2024-08-06T21:59:59+00:00,1179.72500563214,1176.5918281929423,0.9973441459456742
2024-08-06T22:10:00+00:00,20472423,2024-08-06T22:09:59+00:00,1179.7615584396808,1176.5554829542582,0.9972824377413493
2024-08-06T22:20:00+00:00,20472473,2024-08-06T22:19:59+00:00,1179.7615584396808,1176.5554829542582,0.9972824377413493
2024-08-06T22:30:00+00:00,20472522,2024-08-06T22:29:59+00:00,1179.7615584396808,1176.5554829542582,0.9972824377413493
2024-08-06T22:40:00+00:00,20472572,2024-08-06T22:39:59+00:00,1179.7615584396808,1176.5554829542582,0.9972824377413493
2024-08-06T22:50:00+00:00,20472622,2024-08-06T22:49:59+00:00,1179.7615584396808,1176.5554829542582,0.9972824377413493
2024-08-06T23:00:00+00:00,20472671,2024-08-06T22:59:59+00:00,1179.436838767074,1176.8805176141857,0.9978325917345768
2024-08-06T23:10:00+00:00,20472720,2024-08-06T23:09:59+00:00,1179.436838767074,1176.8805176141857,0.9978325917345768
2024-08-06T23:20:00+00:00,20472770,2024-08-06T23:19:59+00:00,1179.436838767074,1176.8805176141857,0.9978325917345768
2024-08-06T23:30:00+00:00,20472820,2024-08-06T23:29:59+00:00,1179.4473656830596,1176.870045119815,0.9978148066304323
2024-08-06T23:40:00+00:00,20472870,2024-08-06T23:39:59+00:00,1179.4473656830596,1176.870045119815,0.9978148066304323
2024-08-06T23:50:00+00:00,20472920,2024-08-06T23:49:59+00:00,1180.4730671560653,1175.8535341822046,0.9960867104024747
