requested_time_utc,block,block_time_utc,sqrtPriceX96,tick,liquidity,price_weth_per_ezeth
2024-08-04T00:00:00+00:00,20451459,2024-08-03T23:59:59+00:00,79771284999310757845559489657,136,429817974047571150862358,1.0137573323955793
2024-08-04T00:10:00+00:00,20451509,2024-08-04T00:09:59+00:00,79771290414855824960529649761,136,429817974047571150862358,1.0137574700403142
2024-08-04T00:20:00+00:00,20451559,2024-08-04T00:19:59+00:00,79771290414855824960529649761,136,429817974047571150862358,1.0137574700403142
2024-08-04T00:30:00+00:00,20451609,2024-08-04T00:29:59+00:00,79771316218415069540428378612,136,429817974047571150862358,1.0137581258791513
2024-08-04T00:40:00+00:00,20451659,2024-08-04T00:39:59+00:00,79771316218415069540428378612,136,429817974047571150862358,1.0137581258791513
2024-08-04T00:50:00+00:00,20451709,2024-08-04T00:49:59+00:00,79771316218415069540428378612,136,429817974047571150862358,1.0137581258791513
2024-08-04T01:00:00+00:00,20451759,2024-08-04T00:59:59+00:00,79771316218415069540428378612,136,429817974047571150862358,1.0137581258791513
2024-08-04T01:10:00+00:00,20451807,2024-08-04T01:09:59+00:00,79771316218415069540428378612,136,429817974047571150862358,1.0137581258791513
2024-08-04T01:20:00+00:00,20451857,2024-08-04T01:19:59+00:00,79768361727221406087239899256,135,429817974047571150862358,1.0136830341260779
2024-08-04T01:30:00+00:00,20451907,2024-08-04T01:29:59+00:00,79768361727221406087239899256,135,429817974047571150862358,1.0136830341260779
2024-08-04T01:40:00+00:00,20451957,2024-08-04T01:39:59+00:00,79767622247900021705861706480,135,429817974047571150862358,1.0136642398534759
2024-08-04T01:50:00+00:00,20452007,2024-08-04T01:49:59+00:00,79767622247900021705861706480,135,429817974047571150862358,1.0136642398534759
2024-08-04T02:00:00+00:00,20452057,2024-08-04T01:59:59+00:00,79752052048046686692452619421,131,429817974047571150862358,1.0132685551387735
2024-08-04T02:10:00+00:00,20452107,2024-08-04T02:09:59+00:00,79751681076303237961534453607,131,429817974047571150862358,1.0132591285944126
2024-08-04T02:20:00+00:00,20452156,2024-08-04T02:19:59+00:00,79751679176679927591772116861,131,429817974047571150862358,1.0132590803243173
2024-08-04T02:30:00+00:00,20452206,2024-08-04T02:29:59+00:00,79759051382573900291738443387,133,429817974047571150862358,1.013446419322083
2024-08-04T02:40:00+00:00,20452255,2024-08-04T02:39:59+00:00,79764160803540033829172501425,134,429817974047571150862358,1.0135762676628122
2024-08-04T02:50:00+00:00,20452305,2024-08-04T02:49:59+00:00,79763979708367314103826834192,134,429817974047571150862358,1.0135716652559403
2024-08-04T03:00:00+00:00,20452355,2024-08-04T02:59:59+00:00,79763979708367314103826834192,134,429817974047571150862358,1.0135716652559403
2024-08-04T03:10:00+00:00,20452405,2024-08-04T03:09:59+00:00,79763979708367314103826834192,134,429817974047571150862358,1.0135716652559403
2024-08-04T03:20:00+00:00,20452455,2024-08-04T03:19:59+00:00,79763979708367314103826834192,134,429817974047571150862358,1.0135716652559403
2024-08-04T03:30:00+00:00,20452505,2024-08-04T03:29:59+00:00,79763979708367314103826834192,134,429817974047571150862358,1.0135716652559403
2024-08-04T03:40:00+00:00,20452555,2024-08-04T03:39:59+00:00,79763979708367314103826834192,134,429817974047571150862358,1.0135716652559403
2024-08-04T03:50:00+00:00,20452605,2024-08-04T03:49:59+00:00,79763979708367314103826834192,134,429817974047571150862358,1.0135716652559403
2024-08-04T04:00:00+00:00,20452655,2024-08-04T03:59:59+00:00,79763979708367314103826834192,134,429817974047571150862358,1.0135716652559403
2024-08-04T04:10:00+00:00,20452705,2024-08-04T04:09:59+00:00,79763946033531166282978382867,134,429817974047571150862358,1.0135708094347373
2024-08-04T04:20:00+00:00,20452755,2024-08-04T04:19:59+00:00,79763940173740394849415819364,134,429817974047571150862358,1.0135706605124999
2024-08-04T04:30:00+00:00,20452805,2024-08-04T04:29:59+00:00,79763932739449963480808277201,134,429817974047571150862358,1.0135704715755367
2024-08-04T04:40:00+00:00,20452855,2024-08-04T04:39:59+00:00,79763894679580976503024896495,134,429817974047571150862358,1.0135695043125437
2024-08-04T04:50:00+00:00,20452905,2024-08-04T04:49:59+00:00,79763894679580976503024896495,134,429817974047571150862358,1.0135695043125437
2024-08-04T05:00:00+00:00,20452955,2024-08-04T04:59:59+00:00,79763864859103731062558962314,134,429817974047571150862358,1.013568746447828
2024-08-04T05:10:00+00:00,20453005,2024-08-04T05:09:59+00:00,79763864859103731062558962314,134,429817974047571150862358,1.013568746447828
2024-08-04T05:20:00+00:00,20453055,2024-08-04T05:19:59+00:00,79763856097252332878577574029,134,429817974047571150862358,1.0135685237721022
2024-08-04T05:30:00+00:00,20453105,2024-08-04T05:29:59+00:00,79763856097252332878577574029,134,429817974047571150862358,1.0135685237721022
2024-08-04T05:40:00+00:00,20453155,2024-08-04T05:39:59+00:00,79763846775441681511159014696,134,429817974047571150862358,1.0135682868654685
2024-08-04T05:50:00+00:00,20453204,2024-08-04T05:49:59+00:00,79763846775441681511159014696,134,429817974047571150862358,1.0135682868654685
2024-08-04T06:00:00+00:00,20453254,2024-08-04T05:59:59+00:00,79763846775441681511159014696,134,429817974047571150862358,1.0135682868654685
2024-08-04T06:10:00+00:00,20453304,2024-08-04T06:09:59+00:00,79763846775441681511159014696,134,429817974047571150862358,1.0135682868654685
2024-08-04T06:20:00+00:00,20453353,2024-08-04T06:19:59+00:00,79763846775441681511159014696,134,429817974047571150862358,1.0135682868654685
2024-08-04T06:30:00+00:00,20453403,2024-08-04T06:29:59+00:00,79763846775441681511159014696,134,429817974047571150862358,1.0135682868654685
2024-08-04T06:40:00+00:00,20453453,2024-08-04T06:39:59+00:00,79763929715453539089404928861,134,429817974047571150862358,1.0135703947229215
2024-08-04T06:50:00+00:00,20453503,2024-08-04T06:49:59+00:00,79763926163498467521556947777,134,429817974047571150862358,1.013570304452634
2024-08-04T07:00:00+00:00,20453553,2024-08-04T06:59:59+00:00,79763926898899905992084061549,134,429817974047571150862358,1.0135703231423125
2024-08-04T07:10:00+00:00,20453603,2024-08-04T07:09:59+00:00,79763937953895084645429530750,134,429817974047571150862358,1.01357060409678
2024-08-04T07:20:00+00:00,20453653,2024-08-04T07:19:59+00:00,79769961338842752457670922605,136,429817974047571150862358,1.0137236897289954
2024-08-04T07:30:00+00:00,20453703,2024-08-04T07:29:59+00:00,79769963020982308945958359288,136,429817974047571150862358,1.0137237324825512
2024-08-04T07:40:00+00:00,20453752,2024-08-04T07:39:59+00:00,79769963020982308945958359288,136,429817974047571150862358,1.0137237324825512
2024-08-04T07:50:00+00:00,20453802,2024-08-04T07:49:59+00:00,79768391232748752889408513913,135,429817974047571150862358,1.0136837840288557
2024-08-04T08:00:00+00:00,20453852,2024-08-04T07:59:59+00:00,79768378511022254999812403058,135,429817974047571150862358,1.0136834606976057
2024-08-04T08:10:00+00:00,20453902,2024-08-04T08:09:59+00:00,79757965116286270059376426859,133,429817974047571150862358,1.0134188145508636
2024-08-04T08:20:00+00:00,20453952,2024-08-04T08:19:59+00:00,79760538886787210539344761580,133,429817974047571150862358,1.0134842211727828
2024-08-04T08:30:00+00:00,20454002,2024-08-04T08:29:59+00:00,79760537589389951205533919136,133,429817974047571150862358,1.013484188201801
2024-08-04T08:40:00+00:00,20454052,2024-08-04T08:39:59+00:00,79760537589389951205533919136,133,429817974047571150862358,1.013484188201801
2024-08-04T08:50:00+00:00,20454102,2024-08-04T08:49:59+00:00,79759530103876788931898305510,133,429817974047571150862358,1.013458584959408
2024-08-04T09:00:00+00:00,20454152,2024-08-04T08:59:59+00:00,79766165304825395191571438760,135,429817974047571150862358,1.0136272113558122
2024-08-04T09:10:00+00:00,20454202,2024-08-04T09:09:59+00:00,79764662467780261320032287972,134,429817974047571150862358,1.0135890171623894
2024-08-04T09:20:00+00:00,20454252,2024-08-04T09:19:59+00:00,79769211327317369261862917624,136,429817974047571150862358,1.0137046273936543
2024-08-04T09:30:00+00:00,20454302,2024-08-04T09:29:59+00:00,79766076415011074437225179675,135,429817974047571150862358,1.0136249522254137
2024-08-04T09:40:00+00:00,20454352,2024-08-04T09:39:59+00:00,79766078304354280175424547845,135,429817974047571150862358,1.0136250002429552
2024-08-04T09:50:00+00:00,20454402,2024-08-04T09:49:59+00:00,79766029708790405447635727529,135,429817974047571150862358,1.0136237651900484
2024-08-04T10:00:00+00:00,20454452,2024-08-04T09:59:59+00:00,79766235400019812241685594659,135,429817974047571150862358,1.013628992823616
2024-08-04T10:10:00+00:00,20454502,2024-08-04T10:09:59+00:00,79766229467808099812810763383,135,429817974047571150862358,1.013628842056527
2024-08-04T10:20:00+00:00,20454552,2024-08-04T10:19:59+00:00,79766185668483045065455656185,135,429817974047571150862358,1.0136277288975561
2024-08-04T10:30:00+00:00,20454601,2024-08-04T10:29:59+00:00,79766185668483045065455656185,135,429817974047571150862358,1.0136277288975561
2024-08-04T10:40:00+00:00,20454651,2024-08-04T10:39:59+00:00,79766185668483045065455656185,135,429817974047571150862358,1.0136277288975561
2024-08-04T10:50:00+00:00,20454701,2024-08-04T10:49:59+00:00,79766200392362572297668440849,135,429817974047571150862358,1.0136281031045917
2024-08-04T11:00:00+00:00,20454751,2024-08-04T10:59:59+00:00,79766198613474924040802073135,135,429817974047571150862358,1.0136280578942025
2024-08-04T11:10:00+00:00,20454801,2024-08-04T11:09:59+00:00,79766183416418358511426946237,135,429817974047571150862358,1.013627671661394
2024-08-04T11:20:00+00:00,20454851,2024-08-04T11:19:59+00:00,79766183416418358511426946237,135,429817974047571150862358,1.013627671661394
2024-08-04T11:30:00+00:00,20454901,2024-08-04T11:29:59+00:00,79766183416418358511426946237,135,429817974047571150862358,1.013627671661394
2024-08-04T11:40:00+00:00,20454951,2024-08-04T11:39:59+00:00,79766044690443960557293398645,135,429817974047571150862358,1.0136241459476605
2024-08-04T11:50:00+00:00,20455001,2024-08-04T11:49:59+00:00,79766044690443960557293398645,135,429817974047571150862358,1.0136241459476605
2024-08-04T12:00:00+00:00,20455051,2024-08-04T11:59:59+00:00,79766044690443960557293398645,135,429817974047571150862358,1.0136241459476605
2024-08-04T12:10:00+00:00,20455101,2024-08-04T12:09:59+00:00,79766048192355572321708226131,135,429817974047571150862358,1.0136242349484945
2024-08-04T12:20:00+00:00,20455151,2024-08-04T12:19:59+00:00,79765581087757091497747415574,135,429817974047571150862358,1.0136123635529397
2024-08-04T12:30:00+00:00,20455201,2024-08-04T12:29:59+00:00,79765581087757091497747415574,135,429817974047571150862358,1.0136123635529397
2024-08-04T12:40:00+00:00,20455250,2024-08-04T12:39:59+00:00,79765581087757091497747415574,135,429817974047571150862358,1.0136123635529397
2024-08-04T12:50:00+00:00,20455300,2024-08-04T12:49:59+00:00,79765581272068228959032406494,135,429817974047571150862358,1.0136123682371667
2024-08-04T13:00:00+00:00,20455350,2024-08-04T12:59:59+00:00,79765600385133183694285964935,135,429817974047571150862358,1.0136128539915747
2024-08-04T13:10:00+00:00,20455400,2024-08-04T13:09:59+00:00,79765600385133183694285964935,135,429817974047571150862358,1.0136128539915747
2024-08-04T13:20:00+00:00,20455448,2024-08-04T13:19:59+00:00,79765600385133183694285964935,135,429817974047571150862358,1.0136128539915747
2024-08-04T13:30:00+00:00,20455498,2024-08-04T13:29:59+00:00,79765620659358304435634966175,135,429817974047571150862358,1.013613369256744
2024-08-04T13:40:00+00:00,20455548,2024-08-04T13:39:59+00:00,79751603758998950129613045119,131,429817974047571150862358,1.013257163935478
2024-08-04T13:50:00+00:00,20455598,2024-08-04T13:49:59+00:00,79751012594190759668111195964,131,429817974047571150862358,1.013242142300084
2024-08-04T14:00:00+00:00,20455648,2024-08-04T13:59:59+00:00,79750956640911140527488151688,131,429817974047571150862358,1.0132407205199916
2024-08-04T14:10:00+00:00,20455698,2024-08-04T14:09:59+00:00,79750894058344925090128700841,131,429817974047571150862358,1.0132391302900488
2024-08-04T14:20:00+00:00,20455748,2024-08-04T14:19:59+00:00,79748876409012462940577659995,131,429817974047571150862358,1.0131878622655721
2024-08-04T14:30:00+00:00,20455798,2024-08-04T14:29:59+00:00,79748876409012462940577659995,131,429817974047571150862358,1.0131878622655721
2024-08-04T14:40:00+00:00,20455848,2024-08-04T14:39:59+00:00,79742431335723028863912315013,129,429817974047571150862358,1.0130241030641483
2024-08-04T14:50:00+00:00,20455897,2024-08-04T14:49:59+00:00,79740742383029707240186812644,128,429817974047571150862358,1.012981191614383
2024-08-04T15:00:00+00:00,20455947,2024-08-04T14:59:59+00:00,79740687112538286377819858046,128,429817974047571150862358,1.0129797873648814
2024-08-04T15:10:00+00:00,20455997,2024-08-04T15:09:59+00:00,79745728147205019143604624778,130,429817974047571150862358,1.013107868218449
2024-08-04T15:20:00+00:00,20456046,2024-08-04T15:19:59+00:00,79741674770069234738203036323,129,429817974047571150862358,1.013004880785764
2024-08-04T15:30:00+00:00,20456096,2024-08-04T15:29:59+00:00,79740015865178423016550607996,128,429817974047571150862358,1.012962733156533
2024-08-04T15:40:00+00:00,20456145,2024-08-04T15:39:59+00:00,79739995614161689527466657729,128,429817974047571150862358,1.0129622186464105
2024-08-04T15:50:00+00:00,20456195,2024-08-04T15:49:59+00:00,79739632296925360245151213136,128,429817974047571150862358,1.012952988001424
2024-08-04T16:00:00+00:00,20456245,2024-08-04T15:59:59+00:00,79736521893466621019300066807,127,429824397865819590717639,1.0128739650378829
2024-08-04T16:10:00+00:00,20456295,2024-08-04T16:09:59+00:00,79736532270028577817430052443,127,429824397865819590717639,1.0128742286598686
2024-08-04T16:20:00+00:00,20456344,2024-08-04T16:19:59+00:00,79736345589254482730042937610,127,429824397865819590717639,1.012869485942363
2024-08-04T16:30:00+00:00,20456393,2024-08-04T16:29:59+00:00,79736217399406397957929544886,127,429824397865819590717639,1.0128662292222264
2024-08-04T16:40:00+00:00,20456443,2024-08-04T16:39:59+00:00,79736315082849330515813956758,127,429824397865819590717639,1.0128687109130896
2024-08-04T16:50:00+00:00,20456493,2024-08-04T16:49:59+00:00,79736315326015043756962503562,127,429824397865819590717639,1.0128687170908255
2024-08-04T17:00:00+00:00,20456543,2024-08-04T16:59:59+00:00,79736315326015043756962503562,127,429824397865819590717639,1.0128687170908255
2024-08-04T17:10:00+00:00,20456593,2024-08-04T17:09:59+00:00,79736315326015043756962503562,127,429824397865819590717639,1.0128687170908255
2024-08-04T17:20:00+00:00,20456643,2024-08-04T17:19:59+00:00,79736315326015043756962503562,127,429824397865819590717639,1.0128687170908255
2024-08-04T17:30:00+00:00,20456693,2024-08-04T17:29:59+00:00,79736315326015043756962503562,127,429824397865819590717639,1.0128687170908255
2024-08-04T17:40:00+00:00,20456742,2024-08-04T17:39:59+00:00,79736130158359303980792838111,127,429824397865819590717639,1.0128640128275954
2024-08-04T17:50:00+00:00,20456792,2024-08-04T17:49:59+00:00,79735200962085134939691939131,127,429824397865819590717639,1.0128404063650973
2024-08-04T18:00:00+00:00,20456842,2024-08-04T17:59:59+00:00,79735200962085134939691939131,127,429824397865819590717639,1.0128404063650973
2024-08-04T18:10:00+00:00,20456892,2024-08-04T18:09:59+00:00,79735200962085134939691939131,127,429824397865819590717639,1.0128404063650973
2024-08-04T18:20:00+00:00,20456942,2024-08-04T18:19:59+00:00,79735200962085134939691939131,127,429824397865819590717639,1.0128404063650973
2024-08-04T18:30:00+00:00,20456992,2024-08-04T18:29:59+00:00,79735200962085134939691939131,127,429824397865819590717639,1.0128404063650973
2024-08-04T18:40:00+00:00,20457041,2024-08-04T18:39:59+00:00,79767624730000067712654879639,135,429817974047571150862358,1.0136643029371188
2024-08-04T18:50:00+00:00,20457091,2024-08-04T18:49:59+00:00,79765418499289931942474998671,135,429817974047571150862358,1.0136082314069619
2024-08-04T19:00:00+00:00,20457141,2024-08-04T18:59:59+00:00,79765229419938702571755569468,135,429817974047571150862358,1.013603426012262
2024-08-04T19:10:00+00:00,20457191,2024-08-04T19:09:59+00:00,79757835813056881640182506400,133,429817974047571150862358,1.013415528654112
2024-08-04T19:20:00+00:00,20457241,2024-08-04T19:19:59+00:00,79757835813056881640182506400,133,429817974047571150862358,1.013415528654112
2024-08-04T19:30:00+00:00,20457290,2024-08-04T19:29:59+00:00,79750461244443578657336830405,131,429817974047571150862358,1.0132281324750112
2024-08-04T19:40:00+00:00,20457340,2024-08-04T19:39:59+00:00,79749447790761368831876630064,131,429817974047571150862358,1.0132023808181259
2024-08-04T19:50:00+00:00,20457390,2024-08-04T19:49:59+00:00,79749447790761368831876630064,131,429817974047571150862358,1.0132023808181259
2024-08-04T20:00:00+00:00,20457440,2024-08-04T19:59:59+00:00,79749262513581828104059691897,131,429817974047571150862358,1.013197672997155
2024-08-04T20:10:00+00:00,20457490,2024-08-04T20:09:59+00:00,79749262513581828104059691897,131,429817974047571150862358,1.013197672997155
2024-08-04T20:20:00+00:00,20457540,2024-08-04T20:19:59+00:00,79749262513581828104059691897,131,429817974047571150862358,1.013197672997155
2024-08-04T20:30:00+00:00,20457589,2024-08-04T20:29:59+00:00,79749262513581828104059691897,131,429817974047571150862358,1.013197672997155
2024-08-04T20:40:00+00:00,20457639,2024-08-04T20:39:59+00:00,79751130184269025742010627359,131,429817974047571150862358,1.0132451302824748
2024-08-04T20:50:00+00:00,20457689,2024-08-04T20:49:59+00:00,79753902229749278499255874114,132,429817974047571150862358,1.0133155696703995
2024-08-04T21:00:00+00:00,20457739,2024-08-04T20:59:59+00:00,79753902229749278499255874114,132,429817974047571150862358,1.0133155696703995
2024-08-04T21:10:00+00:00,20457789,2024-08-04T21:09:59+00:00,79753902229749278499255874114,132,429817974047571150862358,1.0133155696703995
2024-08-04T21:20:00+00:00,20457839,2024-08-04T21:19:59+00:00,79753902229749278499255874114,132,429817974047571150862358,1.0133155696703995
2024-08-04T21:30:00+00:00,20457889,2024-08-04T21:29:59+00:00,79753807958208445297239975311,132,429817974047571150862358,1.0133131741321002
2024-08-04T21:40:00+00:00,20457939,2024-08-04T21:39:59+00:00,79752812207257149465465278736,132,429817974047571150862358,1.0132878712334916
2024-08-04T21:50:00+00:00,20457989,2024-08-04T21:49:59+00:00,79750949786908835945059712673,131,429817974047571150862358,1.0132405463589726
2024-08-04T22:00:00+00:00,20458039,2024-08-04T21:59:59+00:00,79750906087366019491620419789,131,429817974047571150862358,1.0132394359487107
2024-08-04T22:10:00+00:00,20458089,2024-08-04T22:09:59+00:00,79750906087366019491620419789,131,429817974047571150862358,1.0132394359487107
2024-08-04T22:20:00+00:00,20458139,2024-08-04T22:19:59+00:00,79750906087366019491620419789,131,429817974047571150862358,1.0132394359487107
2024-08-04T22:30:00+00:00,20458188,2024-08-04T22:29:59+00:00,79750906087366019491620419789,131,429817974047571150862358,1.0132394359487107
2024-08-04T22:40:00+00:00,20458238,2024-08-04T22:39:59+00:00,79750906087366019491620419789,131,429817974047571150862358,1.0132394359487107
2024-08-04T22:50:00+00:00,20458288,2024-08-04T22:49:59+00:00,79750906087366019491620419789,131,429817974047571150862358,1.0132394359487107
2024-08-04T23:00:00+00:00,20458338,2024-08-04T22:59:59+00:00,79750906087366019491620419789,131,429817974047571150862358,1.0132394359487107
2024-08-04T23:10:00+00:00,20458387,2024-08-04T23:09:59+00:00,79750906087366019491620419789,131,429817974047571150862358,1.0132394359487107
2024-08-04T23:20:00+00:00,20458437,2024-08-04T23:19:59+00:00,79745303941530640216375703405,130,429817974047571150862358,1.0130970898363747
2024-08-04T23:30:00+00:00,20458487,2024-08-04T23:29:59+00:00,79743601641145093406419850742,129,429817974047571150862358,1.013053837705549
2024-08-04T23:40:00+00:00,20458537,2024-08-04T23:39:59+00:00,79741547805887474820550272006,129,429817974047571150862358,1.0130016549886185
2024-08-04T23:50:00+00:00,20458587,2024-08-04T23:49:59+00:00,79741547805887474820550272006,129,429817974047571150862358,1.0130016549886185
2024-08-05T00:00:00+00:00,20458637,2024-08-04T23:59:59+00:00,79744597180541434166808632222,129,429817974047571150862358,1.0130791323067636
2024-08-05T00:10:00+00:00,20458687,2024-08-05T00:09:59+00:00,79744576911897115583547669892,129,429817974047571150862358,1.0130786173191977
2024-08-05T00:20:00+00:00,20458737,2024-08-05T00:19:59+00:00,79744576911897115583547669892,129,429817974047571150862358,1.0130786173191977
2024-08-05T00:30:00+00:00,20458787,2024-08-05T00:29:59+00:00,79742871765181180540415114559,129,429817974047571150862358,1.0130352932644335
2024-08-05T00:40:00+00:00,20458837,2024-08-05T00:39:59+00:00,79742844565659308572982052794,129,429817974047571150862358,1.0130346021914807
2024-08-05T00:50:00+00:00,20458887,2024-08-05T00:49:59+00:00,79742844565659308572982052794,129,429817974047571150862358,1.0130346021914807
2024-08-05T01:00:00+00:00,20458937,2024-08-05T00:59:59+00:00,79742634260842551176352424034,129,429817974047571150862358,1.0130292588712968
2024-08-05T01:10:00+00:00,20458987,2024-08-05T01:09:59+00:00,79742634260842551176352424034,129,429817974047571150862358,1.0130292588712968
2024-08-05T01:20:00+00:00,20459037,2024-08-05T01:19:59+00:00,79713899404135987044028649643,122,66259295750157864606003,1.0122993104271034
2024-08-05T01:30:00+00:00,20459086,2024-08-05T01:29:59+00:00,79713899404135987044028649643,122,66259295750157864606003,1.0122993104271034
2024-08-05T01:40:00+00:00,20459136,2024-08-05T01:39:59+00:00,79585401290922136240469792943,89,19733496104984104588409,1.009038305517751
2024-08-05T01:50:00+00:00,20459185,2024-08-05T01:49:59+00:00,79464770117665638330574506745,59,19733441930778726854243,1.0059817342540573
2024-08-05T02:00:00+00:00,20459235,2024-08-05T01:59:59+00:00,79356588805728363856287048311,32,19733441930778726854243,1.0032445629134792
2024-08-05T02:10:00+00:00,20459285,2024-08-05T02:09:59+00:00,79356588805728363856287048311,32,19733441930778726854243,1.0032445629134792
2024-08-05T02:20:00+00:00,20459335,2024-08-05T02:19:59+00:00,78722746600537056721876195519,-129,5790621590192018235415,0.9872822034085775
2024-08-05T02:30:00+00:00,20459385,2024-08-05T02:29:59+00:00,79351754056566064499992934481,31,19733441930778726854243,1.0031223225770867
2024-08-05T02:40:00+00:00,20459435,2024-08-05T02:39:59+00:00,79433983760013202620543915835,51,19733441930778726854243,1.0052024074128454
2024-08-05T02:50:00+00:00,20459485,2024-08-05T02:49:59+00:00,79528734402977647914736100451,75,19733496104984104588409,1.0076018937344402
2024-08-05T03:00:00+00:00,20459535,2024-08-05T02:59:59+00:00,79572571318191202192585594993,86,19733496104984104588409,1.0087129973525235
2024-08-05T03:10:00+00:00,20459585,2024-08-05T03:09:59+00:00,79572571318191202192585594993,86,19733496104984104588409,1.0087129973525235
2024-08-05T03:20:00+00:00,20459635,2024-08-05T03:19:59+00:00,79572571318191202192585594993,86,19733496104984104588409,1.0087129973525235
2024-08-05T03:30:00+00:00,20459685,2024-08-05T03:29:59+00:00,79563308795927297596384987943,84,19733496104984104588409,1.0084781756633618
2024-08-05T03:40:00+00:00,20459734,2024-08-05T03:39:59+00:00,79581200496858441312391102940,88,19733496104984104588409,1.0089317872320651
2024-08-05T03:50:00+00:00,20459784,2024-08-05T03:49:59+00:00,79579818188375551074711316084,88,19733496104984104588409,1.0088967376764666
2024-08-05T04:00:00+00:00,20459834,2024-08-05T03:59:59+00:00,79579818188375551074711316084,88,19733496104984104588409,1.0088967376764666
2024-08-05T04:10:00+00:00,20459884,2024-08-05T04:09:59+00:00,79627223345692094667935628868,100,2717393301560109757401,1.0100990815555335
2024-08-05T04:20:00+00:00,20459934,2024-08-05T04:19:59+00:00,79627223345692094667935628868,100,2717393301560109757401,1.0100990815555335
2024-08-05T04:30:00+00:00,20459984,2024-08-05T04:29:59+00:00,79593419148340735791240621214,91,7934705965626388500,1.009241627550776
2024-08-05T04:40:00+00:00,20460034,2024-08-05T04:39:59+00:00,79597514990584609525177391671,93,29059509936454865942844,1.0093455004813694
2024-08-05T04:50:00+00:00,20460084,2024-08-05T04:49:59+00:00,79621871514764336836855139475,99,91395270143930212271722,1.0099633064371718
2024-08-05T05:00:00+00:00,20460134,2024-08-05T04:59:59+00:00,79627402289757899998524073780,100,2717393301560109757401,1.0101036214963235
2024-08-05T05:10:00+00:00,20460184,2024-08-05T05:09:59+00:00,79627402289757899998524073780,100,2717393301560109757401,1.0101036214963235
2024-08-05T05:20:00+00:00,20460234,2024-08-05T05:19:59+00:00,79622712249919924584608328090,99,91395270143930212271722,1.0099846351531225
2024-08-05T05:30:00+00:00,20460284,2024-08-05T05:29:59+00:00,79622712249919924584608328090,99,91395270143930212271722,1.0099846351531225
2024-08-05T05:40:00+00:00,20460334,2024-08-05T05:39:59+00:00,79622712249919924584608328090,99,91395270143930212271722,1.0099846351531225
2024-08-05T05:50:00+00:00,20460383,2024-08-05T05:49:59+00:00,79620695899389124248503592147,98,91395270143930212271722,1.0099334824804267
2024-08-05T06:00:00+00:00,20460433,2024-08-05T05:59:59+00:00,79620151545221327885519353712,98,91395270143930212271722,1.0099196730150644
2024-08-05T06:10:00+00:00,20460483,2024-08-05T06:09:59+00:00,79613319748727626189365719834,96,91395270143930212271722,1.0097463684046368
2024-08-05T06:20:00+00:00,20460533,2024-08-05T06:19:59+00:00,79550670343556671820610782956,81,108411372947354207102730,1.0081578121370676
2024-08-05T06:30:00+00:00,20460583,2024-08-05T06:29:59+00:00,79438015900471976169801466230,52,19733441930778726854243,1.0053044599594827
2024-08-05T06:40:00+00:00,20460633,2024-08-05T06:39:59+00:00,79438015900471976169801466230,52,19733441930778726854243,1.0053044599594827
2024-08-05T06:50:00+00:00,20460682,2024-08-05T06:49:59+00:00,79434654950622854282296356898,52,19733441930778726854243,1.0052193947332626
2024-08-05T07:00:00+00:00,20460731,2024-08-05T06:59:59+00:00,79451531280156113018584412748,56,19733441930778726854243,1.0056465688894496
2024-08-05T07:10:00+00:00,20460781,2024-08-05T07:09:59+00:00,79521193988674567938659330321,73,19733496104984104588409,1.0074108338463732
2024-08-05T07:20:00+00:00,20460831,2024-08-05T07:19:59+00:00,79421006101802424098892699326,48,19733441930778726854243,1.0048739810386347
2024-08-05T07:30:00+00:00,20460881,2024-08-05T07:29:59+00:00,79456994043201551483882448991,57,19733441930778726854243,1.0057848619514924
2024-08-05T07:40:00+00:00,20460931,2024-08-05T07:39:59+00:00,79503058591210974957755598505,69,19733496104984104588409,1.0069513912328136
2024-08-05T07:50:00+00:00,20460981,2024-08-05T07:49:59+00:00,79556866299511722934772423369,82,108411372947354207102730,1.0083148628478438
2024-08-05T08:00:00+00:00,20461031,2024-08-05T07:59:59+00:00,79594493940943582448693835219,92,88685811548335728902821,1.0092688843961584
2024-08-05T08:10:00+00:00,20461080,2024-08-05T08:09:59+00:00,79585380899403020600774217382,89,108411372947354207102730,1.0090377884424855
2024-08-05T08:20:00+00:00,20461130,2024-08-05T08:19:59+00:00,79571895975872472693660873367,86,108411372947354207102730,1.008695875279617
2024-08-05T08:30:00+00:00,20461180,2024-08-05T08:29:59+00:00,79579398934857412828631009110,88,108411372947354207102730,1.0088861072829287
2024-08-05T08:40:00+00:00,20461230,2024-08-05T08:39:59+00:00,79582638874715102485501707022,89,108411372947354207102730,1.00896825911858
2024-08-05T08:50:00+00:00,20461280,2024-08-05T08:49:59+00:00,79588601092524556027322307150,90,88685811548335728902821,1.0091194457078199
2024-08-05T09:00:00+00:00,20461330,2024-08-05T08:59:59+00:00,79565228642933437291611627949,84,108411372947354207102730,1.0085268450109481
2024-08-05T09:10:00+00:00,20461379,2024-08-05T09:09:59+00:00,79590203070951519867081595200,91,88685811548335728902821,1.0091600697125038
2024-08-05T09:20:00+00:00,20461429,2024-08-05T09:19:59+00:00,79589914158005240011692468092,91,88685811548335728902821,1.0091527432107843
2024-08-05T09:30:00+00:00,20461478,2024-08-05T09:29:59+00:00,79568660697045271320287099232,85,108411372947354207102730,1.008613852700526
2024-08-05T09:40:00+00:00,20461528,2024-08-05T09:39:59+00:00,79562135042546216799210119337,84,108411372947354207102730,1.0084484208440845
2024-08-05T09:50:00+00:00,20461577,2024-08-05T09:49:59+00:00,79560962181610075301888558326,83,108411372947354207102730,1.0084186890868754
2024-08-05T10:00:00+00:00,20461627,2024-08-05T09:59:59+00:00,79554666086996838098335380601,82,108411372947354207102730,1.0082590920160848
2024-08-05T10:10:00+00:00,20461677,2024-08-05T10:09:59+00:00,79553549554107676171856723728,81,108411372947354207102730,1.0082307908090646
2024-08-05T10:20:00+00:00,20461726,2024-08-05T10:19:59+00:00,79574530369290692373916911993,87,108411372947354207102730,1.0087626663427176
2024-08-05T10:30:00+00:00,20461776,2024-08-05T10:29:59+00:00,79666754854472668377699245908,110,2737135674951120186281,1.0111022724489378
2024-08-05T10:40:00+00:00,20461825,2024-08-05T10:39:59+00:00,79647532432916833913247239305,105,2717393301560109757401,1.0106144029640702
2024-08-05T10:50:00+00:00,20461875,2024-08-05T10:49:59+00:00,79631566103023795457935170788,101,2717393301560109757401,1.010209263340802
2024-08-05T11:00:00+00:00,20461925,2024-08-05T10:59:59+00:00,79585645301239847835282401858,90,88685811548335728902821,1.0090444929875877
2024-08-05T11:10:00+00:00,20461974,2024-08-05T11:09:59+00:00,79514483065892071003068720739,72,19733496104984104588409,1.007240806946481
2024-08-05T11:20:00+00:00,20462024,2024-08-05T11:19:59+00:00,79549219432174413187704655977,80,108411372947354207102730,1.0081210372287224
2024-08-05T11:30:00+00:00,20462074,2024-08-05T11:29:59+00:00,79562411664854881558831285169,84,108411372947354207102730,1.00845543322039
2024-08-05T11:40:00+00:00,20462123,2024-08-05T11:39:59+00:00,79577026411914026941761888266,87,108411372947354207102730,1.0088259517706173
2024-08-05T11:50:00+00:00,20462173,2024-08-05T11:49:59+00:00,79570746664390850724258225426,86,108411372947354207102730,1.0086667369170232
2024-08-05T12:00:00+00:00,20462223,2024-08-05T11:59:59+00:00,79607790200910778285555896262,95,88685811548335728902821,1.0096061092885618
2024-08-05T12:10:00+00:00,20462273,2024-08-05T12:09:59+00:00,79622403155213240028435268826,99,91395270143930212271722,1.0099767936644368
2024-08-05T12:20:00+00:00,20462323,2024-08-05T12:19:59+00:00,79621159420233296375442624358,98,91395270143930212271722,1.0099452413975698
2024-08-05T12:30:00+00:00,20462373,2024-08-05T12:29:59+00:00,79621159420233296375442624358,98,91395270143930212271722,1.0099452413975698
2024-08-05T12:40:00+00:00,20462422,2024-08-05T12:39:59+00:00,79593406317932044646288969348,91,88685811548335728902821,1.0092413021725815
2024-08-05T12:50:00+00:00,20462472,2024-08-05T12:49:59+00:00,79621900522073541004936701848,99,91395270143930212271722,1.009964042323498
2024-08-05T13:00:00+00:00,20462522,2024-08-05T12:59:59+00:00,79621638683679861315956784345,99,91395270143930212271722,1.0099573997559137
2024-08-05T13:10:00+00:00,20462572,2024-08-05T13:09:59+00:00,79580147653638061496607352595,88,108411372947354207102730,1.0089050914808393
2024-08-05T13:20:00+00:00,20462622,2024-08-05T13:19:59+00:00,79580147653638061496607352595,88,108411372947354207102730,1.0089050914808393
2024-08-05T13:30:00+00:00,20462672,2024-08-05T13:29:59+00:00,79579331850419953576829606612,88,108411372947354207102730,1.0088844063269191
2024-08-05T13:40:00+00:00,20462721,2024-08-05T13:39:59+00:00,79594914089192512663810302950,92,88685811548335728902821,1.0092795394968481
2024-08-05T13:50:00+00:00,20462771,2024-08-05T13:49:59+00:00,79586046365036184293718437072,90,88685811548335728902821,1.0090546629681967
2024-08-05T14:00:00+00:00,20462821,2024-08-05T13:59:59+00:00,79571857811485541949155041284,86,108411372947354207102730,1.0086949076955227
2024-08-05T14:10:00+00:00,20462871,2024-08-05T14:09:59+00:00,79573766497450763604128573506,87,108411372947354207102730,1.0087432992992198
2024-08-05T14:20:00+00:00,20462921,2024-08-05T14:19:59+00:00,79558447712788944450746068242,83,108411372947354207102730,1.0083549493528576
2024-08-05T14:30:00+00:00,20462970,2024-08-05T14:29:59+00:00,79623466626788235349419350990,99,91395270143930212271722,1.0100037732265161
2024-08-05T14:40:00+00:00,20463020,2024-08-05T14:39:59+00:00,79623466626788235349419350990,99,91395270143930212271722,1.0100037732265161
2024-08-05T14:50:00+00:00,20463070,2024-08-05T14:49:59+00:00,79623466626788235349419350990,99,91395270143930212271722,1.0100037732265161
2024-08-05T15:00:00+00:00,20463120,2024-08-05T14:59:59+00:00,79624538789717393712463264950,99,91395270143930212271722,1.0100309736472115
2024-08-05T15:10:00+00:00,20463170,2024-08-05T15:09:59+00:00,79624538789717393712463264950,99,91395270143930212271722,1.0100309736472115
2024-08-05T15:20:00+00:00,20463220,2024-08-05T15:19:59+00:00,79624538789717393712463264950,99,91395270143930212271722,1.0100309736472115
2024-08-05T15:30:00+00:00,20463270,2024-08-05T15:29:59+00:00,79624538789717393712463264950,99,91395270143930212271722,1.0100309736472115
2024-08-05T15:40:00+00:00,20463320,2024-08-05T15:39:59+00:00,79604759066080195228473555304,94,88685811548335728902821,1.009529227516704
2024-08-05T15:50:00+00:00,20463369,2024-08-05T15:49:59+00:00,79604759066080195228473555304,94,88685811548335728902821,1.009529227516704
2024-08-05T16:00:00+00:00,20463418,2024-08-05T15:59:59+00:00,79623964564283126277720333959,99,91395270143930212271722,1.0100164056913536
2024-08-05T16:10:00+00:00,20463468,2024-08-05T16:09:59+00:00,79623964564283126277720333959,99,91395270143930212271722,1.0100164056913536
2024-08-05T16:20:00+00:00,20463518,2024-08-05T16:19:59+00:00,79623964564283126277720333959,99,91395270143930212271722,1.0100164056913536
2024-08-05T16:30:00+00:00,20463568,2024-08-05T16:29:59+00:00,79593330601463651705258979733,91,88685811548335728902821,1.0092393820097354
2024-08-05T16:40:00+00:00,20463618,2024-08-05T16:39:59+00:00,79629604351717548324458537934,101,2717393301560109757401,1.0101594902413136
2024-08-05T16:50:00+00:00,20463668,2024-08-05T16:49:59+00:00,79629604351717548324458537934,101,2717393301560109757401,1.0101594902413136
2024-08-05T17:00:00+00:00,20463718,2024-08-05T16:59:59+00:00,79625524757913502400876684392,100,2717393301560109757401,1.010055987659172
2024-08-05T17:10:00+00:00,20463767,2024-08-05T17:09:59+00:00,79624607760588096631883375550,99,91395270143930212271722,1.0100327234280435
2024-08-05T17:20:00+00:00,20463817,2024-08-05T17:19:59+00:00,79644824833279974162432425796,104,2717393301560109757401,1.0105456929213035
2024-08-05T17:30:00+00:00,20463867,2024-08-05T17:29:59+00:00,79644824833279974162432425796,104,2717393301560109757401,1.0105456929213035
2024-08-05T17:40:00+00:00,20463915,2024-08-05T17:39:59+00:00,79644824833279974162432425796,104,2717393301560109757401,1.0105456929213035
2024-08-05T17:50:00+00:00,20463965,2024-08-05T17:49:59+00:00,79644824833279974162432425796,104,2717393301560109757401,1.0105456929213035
2024-08-05T18:00:00+00:00,20464015,2024-08-05T17:59:59+00:00,79636447460794879561421690380,102,2717393301560109757401,1.0103331173403813
2024-08-05T18:10:00+00:00,20464065,2024-08-05T18:09:59+00:00,79722885550181241411580297947,124,64316169341911556290903,1.0125275562473852
2024-08-05T18:20:00+00:00,20464115,2024-08-05T18:19:59+00:00,79722885550181241411580297947,124,64316169341911556290903,1.0125275562473852
2024-08-05T18:30:00+00:00,20464165,2024-08-05T18:29:59+00:00,79687954405330566240003133588,115,2737135674951120186281,1.0116404584471599
2024-08-05T18:40:00+00:00,20464214,2024-08-05T18:39:59+00:00,79687954405330566240003133588,115,2737135674951120186281,1.0116404584471599
2024-08-05T18:50:00+00:00,20464263,2024-08-05T18:49:59+00:00,79687954405330566240003133588,115,2737135674951120186281,1.0116404584471599
2024-08-05T19:00:00+00:00,20464313,2024-08-05T18:59:59+00:00,79687576870482543023996686696,115,2737135674951120186281,1.0116308728422874
2024-08-05T19:10:00+00:00,20464363,2024-08-05T19:09:59+00:00,79684643610848124818363499342,114,2737135674951120186281,1.0115563989655059
2024-08-05T19:20:00+00:00,20464413,2024-08-05T19:19:59+00:00,79684643610848124818363499342,114,2737135674951120186281,1.0115563989655059
2024-08-05T19:30:00+00:00,20464463,2024-08-05T19:29:59+00:00,79684643610848124818363499342,114,2737135674951120186281,1.0115563989655059
2024-08-05T19:40:00+00:00,20464512,2024-08-05T19:39:59+00:00,79675861410987379433802282460,112,2737135674951120186281,1.0113334400484755
2024-08-05T19:50:00+00:00,20464561,2024-08-05T19:49:59+00:00,79675861410987379433802282460,112,2737135674951120186281,1.0113334400484755
2024-08-05T20:00:00+00:00,20464609,2024-08-05T19:59:59+00:00,79675861410987379433802282460,112,2737135674951120186281,1.0113334400484755
2024-08-05T20:10:00+00:00,20464658,2024-08-05T20:09:59+00:00,79717570157640311441465351689,123,61651791279819090572745,1.0123925435226089
2024-08-05T20:20:00+00:00,20464708,2024-08-05T20:19:59+00:00,79717570157640311441465351689,123,61651791279819090572745,1.0123925435226089
2024-08-05T20:30:00+00:00,20464758,2024-08-05T20:29:59+00:00,79685392916593866025763243467,115,2737135674951120186281,1.011575423172712
2024-08-05T20:40:00+00:00,20464808,2024-08-05T20:39:59+00:00,79731192062620153413812619158,126,64316169341911556290903,1.0127385624306466
2024-08-05T20:50:00+00:00,20464858,2024-08-05T20:49:59+00:00,79729210232310840434525394350,126,64316169341911556290903,1.0126882169891152
2024-08-05T21:00:00+00:00,20464908,2024-08-05T20:59:59+00:00,79722701185633621710651122902,124,64316169341911556290903,1.012522873176327
2024-08-05T21:10:00+00:00,20464958,2024-08-05T21:09:59+00:00,79722454791727528221278412406,124,64316169341911556290903,1.012516614505296
2024-08-05T21:20:00+00:00,20465008,2024-08-05T21:19:59+00:00,79719660126746457006609518799,123,61651791279819090572745,1.0124456283537477
2024-08-05T21:30:00+00:00,20465058,2024-08-05T21:29:59+00:00,79684396504283659642094269209,114,2737135674951120186281,1.011550125188587
2024-08-05T21:40:00+00:00,20465108,2024-08-05T21:39:59+00:00,79684396504283659642094269209,114,2737135674951120186281,1.011550125188587
2024-08-05T21:50:00+00:00,20465158,2024-08-05T21:49:59+00:00,79677320098576074768720022998,113,2737135674951120186281,1.0113704709136562
2024-08-05T22:00:00+00:00,20465208,2024-08-05T21:59:59+00:00,79720791265552731481303619345,123,61651791279819090572745,1.0124743596519588
2024-08-05T22:10:00+00:00,20465258,2024-08-05T22:09:59+00:00,79720791265552731481303619345,123,61651791279819090572745,1.0124743596519588
2024-08-05T22:20:00+00:00,20465308,2024-08-05T22:19:59+00:00,79682498632538190750107254823,114,2737135674951120186281,1.0115019408608201
2024-08-05T22:30:00+00:00,20465357,2024-08-05T22:29:59+00:00,79653375606204338950535131478,107,2717393301560109757401,1.0107626915930854
2024-08-05T22:40:00+00:00,20465407,2024-08-05T22:39:59+00:00,79736754726865365214241188912,127,64316169341911556290903,1.0128798803004622
2024-08-05T22:50:00+00:00,20465457,2024-08-05T22:49:59+00:00,79727655200657419161873268729,125,64316169341911556290903,1.0126487146067171
2024-08-05T23:00:00+00:00,20465507,2024-08-05T22:59:59+00:00,79732781533820793697389115188,126,64316169341911556290903,1.012778941478853
2024-08-05T23:10:00+00:00,20465557,2024-08-05T23:09:59+00:00,79723765892236261886337965435,124,64316169341911556290903,1.0125499180950521
2024-08-05T23:20:00+00:00,20465607,2024-08-05T23:19:59+00:00,79723765892236261886337965435,124,64316169341911556290903,1.0125499180950521
2024-08-05T23:30:00+00:00,20465657,2024-08-05T23:29:59+00:00,79723639708365983857611768707,124,64316169341911556290903,1.0125467128433945
2024-08-05T23:40:00+00:00,20465707,2024-08-05T23:39:59+00:00,79727764659050761969910787687,125,64316169341911556290903,1.0126514951469736
2024-08-05T23:50:00+00:00,20465756,2024-08-05T23:49:59+00:00,79728155256055819530288784849,125,64316169341911556290903,1.0126614174020814
2024-08-06T00:00:00+00:00,20465806,2024-08-05T23:59:59+00:00,79723607977723137096162507163,124,64316169341911556290903,1.0125459068402607
2024-08-06T00:10:00+00:00,20465856,2024-08-06T00:09:59+00:00,79723158955897868718003670408,124,64316169341911556290903,1.0125345010862454
2024-08-06T00:20:00+00:00,20465906,2024-08-06T00:19:59+00:00,79723096757092805415884959673,124,64316169341911556290903,1.0125329211585978
2024-08-06T00:30:00+00:00,20465956,2024-08-06T00:29:59+00:00,79723096757092805415884959673,124,64316169341911556290903,1.0125329211585978
2024-08-06T00:40:00+00:00,20466006,2024-08-06T00:39:59+00:00,79723077800136048716327254342,124,64316169341911556290903,1.012532439628369
2024-08-06T00:50:00+00:00,20466055,2024-08-06T00:49:59+00:00,79733906662072441705966398127,127,64316169341911556290903,1.0128075248097672
2024-08-06T01:00:00+00:00,20466105,2024-08-06T00:59:59+00:00,79733906662072441705966398127,127,64316169341911556290903,1.0128075248097672
2024-08-06T01:10:00+00:00,20466155,2024-08-06T01:09:59+00:00,79731433166460103571857881973,126,64316169341911556290903,1.0127446873992851
2024-08-06T01:20:00+00:00,20466204,2024-08-06T01:19:59+00:00,79746049445549633482287659613,130,64309745523663116435622,1.013116031929391
2024-08-06T01:30:00+00:00,20466254,2024-08-06T01:29:59+00:00,79762538123972838466075127393,134,64309745523663116435622,1.0135350287717309
2024-08-06T01:40:00+00:00,20466304,2024-08-06T01:39:59+00:00,79761286302083110315375460818,134,64309745523663116435622,1.0135032154566423
2024-08-06T01:50:00+00:00,20466354,2024-08-06T01:49:59+00:00,79754147342351078102712101017,132,64309745523663116435622,1.0133217982508316
2024-08-06T02:00:00+00:00,20466403,2024-08-06T01:59:59+00:00,79754147342351078102712101017,132,64309745523663116435622,1.0133217982508316
2024-08-06T02:10:00+00:00,20466453,2024-08-06T02:09:59+00:00,79744674818142790254092167480,129,64309745523663116435622,1.0130811049312392
2024-08-06T02:20:00+00:00,20466503,2024-08-06T02:19:59+00:00,79744143313650402162727787695,129,64309745523663116435622,1.0130676004467023
2024-08-06T02:30:00+00:00,20466552,2024-08-06T02:29:59+00:00,79751619974352336484555880399,131,64309745523663116435622,1.0132575759729514
2024-08-06T02:40:00+00:00,20466602,2024-08-06T02:39:59+00:00,79730278283757195549474043755,126,64316169341911556290903,1.0127153490867813
2024-08-06T02:50:00+00:00,20466652,2024-08-06T02:49:59+00:00,79729654467295492495669008519,126,64316169341911556290903,1.0126995020071539
2024-08-06T03:00:00+00:00,20466702,2024-08-06T02:59:59+00:00,79725609191449773068124728240,125,64316169341911556290903,1.0125967411226335
2024-08-06T03:10:00+00:00,20466752,2024-08-06T03:09:59+00:00,79725144128250363956299843473,125,64316169341911556290903,1.0125849276009458
2024-08-06T03:20:00+00:00,20466802,2024-08-06T03:19:59+00:00,79726906088978637044232056579,125,64316169341911556290903,1.0126296852394818
2024-08-06T03:30:00+00:00,20466852,2024-08-06T03:29:59+00:00,79723952455580121190156985857,124,64316169341911556290903,1.0125546570814128
2024-08-06T03:40:00+00:00,20466901,2024-08-06T03:39:59+00:00,79723952455580121190156985857,124,64316169341911556290903,1.0125546570814128
2024-08-06T03:50:00+00:00,20466950,2024-08-06T03:49:59+00:00,79724645228456022580647619880,124,64316169341911556290903,1.0125722546396858
2024-08-06T04:00:00+00:00,20467000,2024-08-06T03:59:59+00:00,79729792879953397949413111867,126,64316169341911556290903,1.0127030181531185
2024-08-06T04:10:00+00:00,20467050,2024-08-06T04:09:59+00:00,79729792879953397949413111867,126,64316169341911556290903,1.0127030181531185
2024-08-06T04:20:00+00:00,20467099,2024-08-06T04:19:59+00:00,79729354461537421763294337613,126,64316169341911556290903,1.0126918808751615
2024-08-06T04:30:00+00:00,20467147,2024-08-06T04:29:59+00:00,79729354461537421763294337613,126,64316169341911556290903,1.0126918808751615
2024-08-06T04:40:00+00:00,20467197,2024-08-06T04:39:59+00:00,79755407802468211055427185709,132,64309745523663116435622,1.0133538282291616
2024-08-06T04:50:00+00:00,20467247,2024-08-06T04:49:59+00:00,79751731188894959026897779511,131,64309745523663116435622,1.0132604019733884
2024-08-06T05:00:00+00:00,20467297,2024-08-06T04:59:59+00:00,79748907990410505509542147030,131,64309745523663116435622,1.013188664731938
2024-08-06T05:10:00+00:00,20467347,2024-08-06T05:09:59+00:00,79747602558192107775020595021,130,64309745523663116435622,1.0131554946651826
2024-08-06T05:20:00+00:00,20467397,2024-08-06T05:19:59+00:00,79739176191033463970758906234,128,64309745523663116435622,1.012941399974457
2024-08-06T05:30:00+00:00,20467447,2024-08-06T05:29:59+00:00,79739421945976063428689508936,128,64309745523663116435622,1.0129476437244203
2024-08-06T05:40:00+00:00,20467496,2024-08-06T05:39:59+00:00,79733895869706240365343684779,127,64316169341911556290903,1.012807250633086
2024-08-06T05:50:00+00:00,20467546,2024-08-06T05:49:59+00:00,79731399652807597509669708901,126,64316169341911556290903,1.012743836021979
2024-08-06T06:00:00+00:00,20467596,2024-08-06T05:59:59+00:00,79717410989048118363623396407,123,61651791279819090572745,1.0123885007266555
2024-08-06T06:10:00+00:00,20467646,2024-08-06T06:09:59+00:00,79721213203455930569334779284,124,64316169341911556290903,1.0124850771180576
2024-08-06T06:20:00+00:00,20467696,2024-08-06T06:19:59+00:00,79740503928176763896376702268,128,64309745523663116435622,1.0129751332328656
2024-08-06T06:30:00+00:00,20467745,2024-08-06T06:29:59+00:00,79740096895939497244024514107,128,64309745523663116435622,1.0129647918765372
2024-08-06T06:40:00+00:00,20467795,2024-08-06T06:39:59+00:00,79739976587024554280099913564,128,64309745523663116435622,1.0129617352310654
2024-08-06T06:50:00+00:00,20467845,2024-08-06T06:49:59+00:00,79730805499801216780916163333,126,64316169341911556290903,1.0127287422808562
2024-08-06T07:00:00+00:00,20467895,2024-08-06T06:59:59+00:00,79749968257589427685802199982,131,64309745523663116435622,1.013215605736033
2024-08-06T07:10:00+00:00,20467945,2024-08-06T07:09:59+00:00,79763946021126504518461079934,134,64309745523663116435622,1.0135708091194822
2024-08-06T07:20:00+00:00,20467995,2024-08-06T07:19:59+00:00,79763695433591809749593462510,134,64309745523663116435622,1.0135644406328663
2024-08-06T07:30:00+00:00,20468045,2024-08-06T07:29:59+00:00,79755739320400796982153006652,132,64309745523663116435622,1.013362252627546
2024-08-06T07:40:00+00:00,20468095,2024-08-06T07:39:59+00:00,79754442795739880957925159793,132,64309745523663116435622,1.0133293060713966
2024-08-06T07:50:00+00:00,20468145,2024-08-06T07:49:59+00:00,79754391193781196669492304607,132,64309745523663116435622,1.013327994802501
2024-08-06T08:00:00+00:00,20468195,2024-08-06T07:59:59+00:00,79754267333435515886679996445,132,64309745523663116435622,1.0133248473630587
2024-08-06T08:10:00+00:00,20468245,2024-08-06T08:09:59+00:00,79754267333435515886679996445,132,64309745523663116435622,1.0133248473630587
2024-08-06T08:20:00+00:00,20468295,2024-08-06T08:19:59+00:00,79752009722463657396490966303,131,64309745523663116435622,1.0132674796261092
2024-08-06T08:30:00+00:00,20468345,2024-08-06T08:29:59+00:00,79749799349152168200957321635,131,64309745523663116435622,1.0132113138099779
2024-08-06T08:40:00+00:00,20468394,2024-08-06T08:39:59+00:00,79741294546901195180759709768,129,64309745523663116435622,1.0129952204166321
2024-08-06T08:50:00+00:00,20468444,2024-08-06T08:49:59+00:00,79740449142017258982075796814,128,64309745523663116435622,1.0129737412928743
2024-08-06T09:00:00+00:00,20468493,2024-08-06T08:59:59+00:00,79734889714961590830839968497,127,64316169341911556290903,1.0128324991160025
2024-08-06T09:10:00+00:00,20468543,2024-08-06T09:09:59+00:00,79734911234672117478461362569,127,64993955568736006580141,1.012833045824356
2024-08-06T09:20:00+00:00,20468593,2024-08-06T09:19:59+00:00,79757949005799235939484501537,133,65010349876955044565631,1.013418405145508
2024-08-06T09:30:00+00:00,20468642,2024-08-06T09:29:59+00:00,79734471542589595005354664741,127,65016773695203484420912,1.012821875474094
2024-08-06T09:40:00+00:00,20468691,2024-08-06T09:39:59+00:00,79733226789937575667927917858,127,65016773695203484420912,1.0127902529437005
2024-08-06T09:50:00+00:00,20468741,2024-08-06T09:49:59+00:00,79725579612729905742076674571,125,64993955568736006580141,1.012595989762811
2024-08-06T10:00:00+00:00,20468789,2024-08-06T09:59:59+00:00,79734639937555670762000365017,127,65016773695203484420912,1.0128261535305525
2024-08-06T10:10:00+00:00,20468839,2024-08-06T10:09:59+00:00,79763065665100090124698389841,134,65010349876955044565631,1.013548435646495
2024-08-06T10:20:00+00:00,20468889,2024-08-06T10:19:59+00:00,79758973616367137677632278203,133,65010349876955044565631,1.0134444430737701
2024-08-06T10:30:00+00:00,20468939,2024-08-06T10:29:59+00:00,79753197363902006890443645829,132,65010349876955044565631,1.0132976583617028
2024-08-06T10:40:00+00:00,20468989,2024-08-06T10:39:59+00:00,79753730412604001099850965059,132,65010349876955044565631,1.013311203619434
2024-08-06T10:50:00+00:00,20469039,2024-08-06T10:49:59+00:00,79752018309866723911383016470,131,65010349876955044565631,1.0132676978359512
2024-08-06T11:00:00+00:00,20469089,2024-08-06T10:59:59+00:00,79751505782837398195494162811,131,65010349876955044565631,1.0132546743307072
2024-08-06T11:10:00+00:00,20469139,2024-08-06T11:09:59+00:00,79749894401712576933313579778,131,65010349876955044565631,1.0132137290734091
2024-08-06T11:20:00+00:00,20469189,2024-08-06T11:19:59+00:00,79754866368728271772328756124,132,65010349876955044565631,1.0133400696112604
2024-08-06T11:30:00+00:00,20469239,2024-08-06T11:29:59+00:00,79765151581620363225454994968,135,65010349876955044565631,1.0136014477781812
2024-08-06T11:40:00+00:00,20469289,2024-08-06T11:39:59+00:00,79763335825704117031399372465,134,65010349876955044565631,1.0135553015140246
2024-08-06T11:50:00+00:00,20469339,2024-08-06T11:49:59+00:00,79761639143400739661063607196,134,65010349876955044565631,1.0135121823782534
2024-08-06T12:00:00+00:00,20469389,2024-08-06T11:59:59+00:00,79731716224187607729652502785,126,65016773695203484420912,1.012751878182323
2024-08-06T12:10:00+00:00,20469439,2024-08-06T12:09:59+00:00,79731132548295172368829444163,126,65016773695203484420912,1.0127370505398077
2024-08-06T12:20:00+00:00,20469489,2024-08-06T12:19:59+00:00,79728150507894906837124951688,125,64993955568736006580141,1.0126612967852375
2024-08-06T12:30:00+00:00,20469539,2024-08-06T12:29:59+00:00,79729199059526731273774017721,126,65016773695203484420912,1.0126879331647554
2024-08-06T12:40:00+00:00,20469589,2024-08-06T12:39:59+00:00,79726465026067697521948477324,125,64993955568736006580141,1.012618481188474
2024-08-06T12:50:00+00:00,20469639,2024-08-06T12:49:59+00:00,79717425149090360775206298221,123,62329577506643540861983,1.012388860383725
2024-08-06T13:00:00+00:00,20469689,2024-08-06T12:59:59+00:00,79717174171209092416906985781,123,62329577506643540861983,1.0123824856968668
2024-08-06T13:10:00+00:00,20469738,2024-08-06T13:09:59+00:00,79675868176652141020913199561,112,2737135674951120186281,1.0113336118029612
2024-08-06T13:20:00+00:00,20469788,2024-08-06T13:19:59+00:00,79719016663906542771724967106,123,62329577506643540861983,1.0124292843676084
2024-08-06T13:30:00+00:00,20469838,2024-08-06T13:29:59+00:00,79717581391848697430814373914,123,62329577506643540861983,1.0123928288657167
2024-08-06T13:40:00+00:00,20469888,2024-08-06T13:39:59+00:00,79717013566956373860262941948,123,62329577506643540861983,1.0123784064562145
2024-08-06T13:50:00+00:00,20469936,2024-08-06T13:49:59+00:00,79725689460645072727853686010,125,64993955568736006580141,1.0125987801253409
2024-08-06T14:00:00+00:00,20469986,2024-08-06T13:59:59+00:00,79723601096190036675852054443,124,64993955568736006580141,1.012545732039645
2024-08-06T14:10:00+00:00,20470036,2024-08-06T14:09:59+00:00,79723415161833529736412396287,124,64993955568736006580141,1.0125410090512956
2024-08-06T14:20:00+00:00,20470085,2024-08-06T14:19:59+00:00,79721681721253279316372668572,124,64993955568736006580141,1.012496977806796
2024-08-06T14:30:00+00:00,20470135,2024-08-06T14:29:59+00:00,79716924028147663928941818597,123,62329577506643540861983,1.0123761322338998
2024-08-06T14:40:00+00:00,20470185,2024-08-06T14:39:59+00:00,79699869461517006986742576978,118,705463306181087106618,1.0119430049020153
2024-08-06T14:50:00+00:00,20470235,2024-08-06T14:49:59+00:00,79617095858903307461565899404,97,2717393301560109757401,1.0098421564957019
2024-08-06T15:00:00+00:00,20470285,2024-08-06T14:59:59+00:00,79694985383343448229859869866,117,705463306181087106618,1.0118189831855695
2024-08-06T15:10:00+00:00,20470334,2024-08-06T15:09:59+00:00,79664704143859294532855435513,109,2723817119808549612682,1.0110502193314665
2024-08-06T15:20:00+00:00,20470384,2024-08-06T15:19:59+00:00,79664704143859294532855435513,109,2723817119808549612682,1.0110502193314665
2024-08-06T15:30:00+00:00,20470433,2024-08-06T15:29:59+00:00,79660346192092379097684038269,108,2723817119808549612682,1.0109396060398719
2024-08-06T15:40:00+00:00,20470483,2024-08-06T15:39:59+00:00,79660346192092379097684038269,108,2723817119808549612682,1.0109396060398719
2024-08-06T15:50:00+00:00,20470533,2024-08-06T15:49:59+00:00,79686377938585413261012552311,115,2744359270139452886976,1.0116004322781469
2024-08-06T16:00:00+00:00,20470582,2024-08-06T15:59:59+00:00,79686377938585413261012552311,115,2744359270139452886976,1.0116004322781469
2024-08-06T16:10:00+00:00,20470632,2024-08-06T16:09:59+00:00,79686659227020047794221993850,115,2698345693640213810048555,1.0116075740760715
2024-08-06T16:20:00+00:00,20470681,2024-08-06T16:19:59+00:00,79686671706557749245968128157,115,2793124737551037076471727,1.0116078909269968
2024-08-06T16:30:00+00:00,20470731,2024-08-06T16:29:59+00:00,79688069497824870889023079699,115,2793124737551037076471727,1.0116433806531229
2024-08-06T16:40:00+00:00,20470781,2024-08-06T16:39:59+00:00,79724419064770914009102570206,124,64843892671056235110091,1.0125665096972765
2024-08-06T16:50:00+00:00,20470831,2024-08-06T16:49:59+00:00,79724406509072370031988733014,124,64843892671056235110091,1.012566190761648
2024-08-06T17:00:00+00:00,20470881,2024-08-06T16:59:59+00:00,79720352925421030048554460574,123,64843892671056235110091,1.0124632256198705
2024-08-06T17:10:00+00:00,20470931,2024-08-06T17:09:59+00:00,79720841608234073897245401276,123,64843892671056235110091,1.0124756383821203
2024-08-06T17:20:00+00:00,20470981,2024-08-06T17:19:59+00:00,79685159336366031010830267886,115,2793124737551037076471727,1.0115694927590477
2024-08-06T17:30:00+00:00,20471031,2024-08-06T17:29:59+00:00,79686588227814299231067647575,115,2793124737551037076471727,1.0116057714329945
2024-08-06T17:40:00+00:00,20471081,2024-08-06T17:39:59+00:00,79685554914279325677852817914,115,2793124737551037076471727,1.011579536173547
2024-08-06T17:50:00+00:00,20471129,2024-08-06T17:49:59+00:00,79682190535670806279896234556,114,2793124737551037076471727,1.0114941188175313
2024-08-06T18:00:00+00:00,20471178,2024-08-06T17:59:59+00:00,79683986685906234836689601138,114,2793124737551037076471727,1.0115397203720067
2024-08-06T18:10:00+00:00,20471228,2024-08-06T18:09:59+00:00,79684539704397478997530632334,114,2793124737551037076471727,1.0115537608871574
2024-08-06T18:20:00+00:00,20471278,2024-08-06T18:19:59+00:00,79684396043476239646423952358,114,2793124737551037076471727,1.0115501134891873
2024-08-06T18:30:00+00:00,20471328,2024-08-06T18:29:59+00:00,79684278878701797904198002928,114,2793124737551037076471727,1.0115471388050679
2024-08-06T18:40:00+00:00,20471378,2024-08-06T18:39:59+00:00,79684275602293380667791872819,114,2793124737551037076471727,1.011547055620742
2024-08-06T18:50:00+00:00,20471427,2024-08-06T18:49:59+00:00,79684275602293380667791872819,114,2793124737551037076471727,1.011547055620742
2024-08-06T19:00:00+00:00,20471477,2024-08-06T18:59:59+00:00,79684275602293380667791872819,114,2793124737551037076471727,1.011547055620742
2024-08-06T19:10:00+00:00,20471525,2024-08-06T19:09:59+00:00,79684275602293380667791872819,114,2793124737551037076471727,1.011547055620742
2024-08-06T19:20:00+00:00,20471575,2024-08-06T19:19:59+00:00,79684247342283074854046697675,114,2793124737551037076471727,1.011546338131001
2024-08-06T19:30:00+00:00,20471625,2024-08-06T19:29:59+00:00,79685025168924383147314027616,115,2793124737551037076471727,1.011566086363735
2024-08-06T19:40:00+00:00,20471675,2024-08-06T19:39:59+00:00,79685022633596093322262817837,115,2793124737551037076471727,1.0115660219939975
2024-08-06T19:50:00+00:00,20471725,2024-08-06T19:49:59+00:00,79685009254937810781033429935,114,2793124737551037076471727,1.011565682321759
2024-08-06T20:00:00+00:00,20471775,2024-08-06T19:59:59+00:00,79685000580628236615680821674,114,2793124737551037076471727,1.011565462088782
2024-08-06T20:10:00+00:00,20471825,2024-08-06T20:09:59+00:00,79687812250662812212539194198,115,2793124737551037076471727,1.0116368491366667
2024-08-06T20:20:00+00:00,20471875,2024-08-06T20:19:59+00:00,79687808875079422659222769340,115,2793124737551037076471727,1.0116367634306005
2024-08-06T20:30:00+00:00,20471924,2024-08-06T20:29:59+00:00,79687807686663943272110167468,115,2793124737551037076471727,1.0116367332567306
2024-08-06T20:40:00+00:00,20471974,2024-08-06T20:39:59+00:00,79687804788708062210379392509,115,2793124737551037076471727,1.0116366596776312
2024-08-06T20:50:00+00:00,20472024,2024-08-06T20:49:59+00:00,79687575466775609881053438374,115,2793124737551037076471727,1.0116308372022715
2024-08-06T21:00:00+00:00,20472073,2024-08-06T20:59:59+00:00,79687480685609572165261766566,115,2793124737551037076471727,1.0116284307168748
2024-08-06T21:10:00+00:00,20472123,2024-08-06T21:09:59+00:00,79687471443789232826130347853,115,2793124737551037076471727,1.0116281960680293
2024-08-06T21:20:00+00:00,20472173,2024-08-06T21:19:59+00:00,79687402810616001732190365313,115,2793124737551037076471727,1.011626453479839
2024-08-06T21:30:00+00:00,20472223,2024-08-06T21:29:59+00:00,79687393415173246827684790209,115,2793124737551037076471727,1.01162621493077
2024-08-06T21:40:00+00:00,20472273,2024-08-06T21:39:59+00:00,79687393415173246827684790209,115,2794566422191658868955793,1.01162621493077
2024-08-06T21:50:00+00:00,20472323,2024-08-06T21:49:59+00:00,79687370101637871289119233878,115,2793124737551037076471727,1.0116256230032623
2024-08-06T22:00:00+00:00,20472373,2024-08-06T21:59:59+00:00,79687392422992805476674251378,115,2793124737551037076471727,1.0116261897394394
2024-08-06T22:10:00+00:00,20472423,2024-08-06T22:09:59+00:00,79687793541868774578108559769,115,2793124737551037076471727,1.0116363741204082
2024-08-06T22:20:00+00:00,20472473,2024-08-06T22:19:59+00:00,79687622661563196172081840084,115,2793124737551037076471727,1.0116320354748087
2024-08-06T22:30:00+00:00,20472522,2024-08-06T22:29:59+00:00,79687622661563196172081840084,115,2793124737551037076471727,1.0116320354748087
2024-08-06T22:40:00+00:00,20472572,2024-08-06T22:39:59+00:00,79687622661563196172081840084,115,2793124737551037076471727,1.0116320354748087
2024-08-06T22:50:00+00:00,20472622,2024-08-06T22:49:59+00:00,79687622661563196172081840084,115,2793124737551037076471727,1.0116320354748087
2024-08-06T23:00:00+00:00,20472671,2024-08-06T22:59:59+00:00,79687622661563196172081840084,115,2793124737551037076471727,1.0116320354748087
2024-08-06T23:10:00+00:00,20472720,2024-08-06T23:09:59+00:00,79687622023682533845899143685,115,2793124737551037076471727,1.011632019279056
2024-08-06T23:20:00+00:00,20472770,2024-08-06T23:19:59+00:00,79687617756170385622290539058,115,2793124737551037076471727,1.011631910927176
2024-08-06T23:30:00+00:00,20472820,2024-08-06T23:29:59+00:00,79687609117930973173330186784,115,2793124737551037076471727,1.011631691602809
2024-08-06T23:40:00+00:00,20472870,2024-08-06T23:39:59+00:00,79687609117930973173330186784,115,2793124737551037076471727,1.011631691602809
2024-08-06T23:50:00+00:00,20472920,2024-08-06T23:49:59+00:00,79687609117930973173330186784,115,2793124737551037076471727,1.011631691602809
